Resource,Score,RMSE,MAE,MAPE,SMAPE,Training time,Mean Inference time,Max Inference time,Min Inference time
cpu_user_time_diff_ema_1,-0.39,9.2,8.182,1322.22,122.03,0,0.09390230144528176,0.34302353858947754,0.04330635070800781
cpu_system_time_diff_ema_1,0.974,1.61,1.11,11.15,10.88,0,0.09390230144528176,0.34302353858947754,0.04330635070800781
cpu_idle_time_diff_ema_1,0.221,7.585,6.32,2776.07,105.15,0,0.09390230144528176,0.34302353858947754,0.04330635070800781
memory_ema_1,-0.211,8.756,7.382,535.2,105.64,0,0.09390230144528176,0.34302353858947754,0.04330635070800781
