Resource,Score,RMSE,MAE,MAPE,SMAPE,Training time,Mean Inference time,Max Inference time,Min Inference time
cpu_user_time_diff_ema_1,0.999,0.237,0.142,2.32,2.31,0,0.090148655046399,0.3174405097961426,0.05571269989013672
cpu_system_time_diff_ema_1,0.997,0.35,0.193,2.69,2.64,0,0.090148655046399,0.3174405097961426,0.05571269989013672
cpu_idle_time_diff_ema_1,0.998,0.298,0.152,1.8,1.77,0,0.090148655046399,0.3174405097961426,0.05571269989013672
memory_ema_1,0.998,0.247,0.14,2.49,2.44,0,0.090148655046399,0.3174405097961426,0.05571269989013672
