Resource,Score,RMSE,MAE,MAPE,SMAPE,Training time,Mean Inference time,Max Inference time,Min Inference time
cpu_user_time_diff_ema_1,0.996,0.497,0.312,5.14,5.21,0,0.0758736259582477,0.2119123935699463,0.02820587158203125
cpu_system_time_diff_ema_1,0.987,0.864,0.524,12.15,13.19,0,0.0758736259582477,0.2119123935699463,0.02820587158203125
cpu_idle_time_diff_ema_1,0.988,0.83,0.495,11.19,10.3,0,0.0758736259582477,0.2119123935699463,0.02820587158203125
memory_ema_1,0.999,0.222,0.196,6.55,6.91,0,0.0758736259582477,0.2119123935699463,0.02820587158203125
