Resource,Score,RMSE,MAE,MAPE,SMAPE,Training time,Mean Inference time,Max Inference time,Min Inference time
cpu_user_time_diff_ema_1,-0.087,8.641,7.778,886.78,121.69,0,0.0789705592011908,0.2509145736694336,0.05257558822631836
cpu_system_time_diff_ema_1,0.056,7.566,6.672,242.08,95.52,0,0.0789705592011908,0.2509145736694336,0.05257558822631836
cpu_idle_time_diff_ema_1,0.904,3.609,2.673,22.84,24.77,0,0.0789705592011908,0.2509145736694336,0.05257558822631836
memory_ema_1,0.976,1.467,1.209,15.27,14.75,0,0.0789705592011908,0.2509145736694336,0.05257558822631836
