Resource,Score,RMSE,MAE,MAPE,SMAPE,Training time,Mean Inference time,Max Inference time,Min Inference time
cpu_user_time_diff_ema_1,0.549,8.886,7.047,244.8,122.67,0,0.11176309094006119,0.23125696182250977,0.04968571662902832
cpu_system_time_diff_ema_1,0.828,4.456,3.369,65.15,48.14,0,0.11176309094006119,0.23125696182250977,0.04968571662902832
cpu_idle_time_diff_ema_1,0.974,1.596,1.15,15.52,16.44,0,0.11176309094006119,0.23125696182250977,0.04968571662902832
memory_ema_1,0.693,4.866,4.563,117.21,69.01,0,0.11176309094006119,0.23125696182250977,0.04968571662902832
