cpu_user_time_diff_ema_1_preds_ema_1,cpu_user_time_diff_ema_1_obs_ema_1,cpu_system_time_diff_ema_1_preds_ema_1,cpu_system_time_diff_ema_1_obs_ema_1,cpu_idle_time_diff_ema_1_preds_ema_1,cpu_idle_time_diff_ema_1_obs_ema_1,memory_ema_1_preds_ema_1,memory_ema_1_obs_ema_1
"[17.094906968725347, 0.047761217396657285, 2.1873817963656337, 27.093689050229155, 17.74996082323628, 0.04838723013610799, 1.4010014102001116, 27.950987412056005]","[18.44988123089014, 0.06390515873187735, 0.7562707139538993, 26.343486583885483, 18.324940615450892, 0.07695257936783043, 1.1581353570048893, 26.371743291942742]","[17.92144372261918, 0.09477307001231579, 1.1121803381314364, 25.638013824515912, 19.16769287127538, 0.11607391267406958, 0.5631840080510011, 26.41978672573748]","[18.324940615450892, 0.07695257936783043, 1.1581353570048893, 26.371743291942742, 18.502470307721953, 0.07847628968115035, 1.134067678437252, 26.335871645971373]","[18.163238708918545, 0.10530651493761727, 1.5537914050040178, 26.27225358061079, 17.91517026755604, 0.07957565846348745, 1.7041112243442622, 27.754478711109222]","[18.502470307721953, 0.07847628968115035, 1.134067678437252, 26.335871645971373, 18.401235153855154, 0.07423814484042965, 1.3420338393583244, 26.31793582298569]","[18.41372964695713, 0.0921942762119438, 0.27566941840591475, 27.773637192496768, 16.705775687835875, 0.07789554927061874, 1.8070569558858756, 26.203803145765473]","[18.401235153855154, 0.07423814484042965, 1.3420338393583244, 26.31793582298569, 18.550617576933398, 0.0721190724200693, 1.2260169196139696, 26.308967911492843]"
