cpu_user_time_diff_ema_1_preds_ema_1,cpu_user_time_diff_ema_1_obs_ema_1,cpu_system_time_diff_ema_1_preds_ema_1,cpu_system_time_diff_ema_1_obs_ema_1,cpu_idle_time_diff_ema_1_preds_ema_1,cpu_idle_time_diff_ema_1_obs_ema_1,memory_ema_1_preds_ema_1,memory_ema_1_obs_ema_1
"[1.5877127575675298, 0.6706253337342173, 17.555743623825254, 30.27665458135229]","[1.193061516592285, 0.428034859450446, 17.895446620931413, 30.499923706054688]","[1.5987727244989587, 0.5900392782620429, 17.59045234491252, 29.011109056563765]","[1.3715307582903218, 0.5340174297249319, 17.56272331045639, 30.499961853027344]","[1.2555604951907415, 0.5281296747902419, 17.731599145034803, 29.28579286555896]","[1.185765379145161, 0.42700871486232045, 17.901361655107124, 30.499980926513672]","[1.2875889021041345, 0.562116983718471, 17.914306394735995, 29.661814656742877]","[1.4528826895877145, 0.5035043574320334, 17.525680827739826, 30.499990463256836]"
