cpu_user_time_diff_ema_1_preds_ema_1,cpu_user_time_diff_ema_1_obs_ema_1,cpu_system_time_diff_ema_1_preds_ema_1,cpu_system_time_diff_ema_1_obs_ema_1,cpu_idle_time_diff_ema_1_preds_ema_1,cpu_idle_time_diff_ema_1_obs_ema_1,memory_ema_1_preds_ema_1,memory_ema_1_obs_ema_1
"[1.2945443483204635, 0.33039467367982456, 17.796028361384575, 37.84047962204622, 1.1092197076558707, 0.39581891078746967, 18.05134055918761, 35.499351915886905]","[1.4212807366387687, 0.653713397361668, 17.886510920076397, 36.89844623045781, 1.6156403683182203, 0.6768566986811978, 17.5682554600382, 36.89922311522891]","[1.4392564830479369, 0.7482736362283783, 17.716329823056164, 35.51778224814475, 1.7353095379019803, 0.9693447744907113, 17.376673960361735, 34.50086542977718]","[1.6156403683182203, 0.6768566986811978, 17.5682554600382, 36.89922311522891, 1.3628201841594012, 0.538428349340417, 17.854127730084294, 36.89961155761445]","[1.1365045328955383, 0.48421957433352986, 18.142728358711175, 36.05017198482265, 1.2908282079064408, 0.6548403979709098, 17.881970908984528, 37.568205315447905]","[1.3628201841594012, 0.538428349340417, 17.854127730084294, 36.89961155761445, 1.536410092075626, 0.5092141746699902, 17.51706386500955, 36.89980577880722]","[1.5601766825810794, 0.6797610430240316, 17.666847782390892, 36.92202623866738, 1.344751105780856, 0.5070299274374385, 17.681480290876344, 35.254642245234734]","[1.536410092075626, 0.5092141746699902, 17.51706386500955, 36.89980577880722, 1.3032050460413056, 0.4946070873347768, 17.883531932504773, 36.94990288940361]"
