cpu_user_time_diff_ema_1_preds_ema_1,cpu_user_time_diff_ema_1_obs_ema_1,cpu_system_time_diff_ema_1_preds_ema_1,cpu_system_time_diff_ema_1_obs_ema_1,cpu_idle_time_diff_ema_1_preds_ema_1,cpu_idle_time_diff_ema_1_obs_ema_1,memory_ema_1_preds_ema_1,memory_ema_1_obs_ema_1
"[16.025915806938347, 0.1003298469001499, 2.7362954945423965, 26.746633448133267]","[18.44988123089014, 0.06390515873187735, 0.7562707139538993, 26.343486583885483]","[17.19786404241266, 0.09628005770075246, 1.765990497121436, 26.83268432132209]","[18.324940615450892, 0.07695257936783043, 1.1581353570048893, 26.371743291942742]","[15.80294782400458, 0.05202745276346905, 3.2956348634906707, 26.851838386679827]","[18.502470307721953, 0.07847628968115035, 1.134067678437252, 26.335871645971373]","[17.260114568739798, 0.05730705671062544, 2.1441439673003257, 26.982795228662905]","[18.401235153855154, 0.07423814484042965, 1.3420338393583244, 26.31793582298569]"
