cpu_user_time_diff_ema_1_preds_ema_1,cpu_user_time_diff_ema_1_obs_ema_1,cpu_system_time_diff_ema_1_preds_ema_1,cpu_system_time_diff_ema_1_obs_ema_1,cpu_idle_time_diff_ema_1_preds_ema_1,cpu_idle_time_diff_ema_1_obs_ema_1,memory_ema_1_preds_ema_1,memory_ema_1_obs_ema_1
"[17.57832609099686, 0.06738212980876777, 1.9117167921488092, 29.081508802682045]","[11.64344105323905, 0.09893615125992739, 3.305974686341905, 30.68552548638418]","[17.655699099542296, 0.03264155900362199, 1.9456292375849353, 29.33886818862552]","[11.41672052662069, 0.08446807562981817, 5.697987343329277, 30.74276274319209]","[18.150069058063544, 0.06527108192507218, 2.1437513593041095, 29.370911807579628]","[14.40336026331733, 0.08723403781498185, 3.8289936716460122, 30.771381371596043]","[3.852503639291789, 1.2938993903398528, 14.68248923439293, 50.75063941031214]","[15.891680131646442, 0.0786170189073454, 2.904496835813693, 30.83569068579802]"
