cpu_user_time_diff_ema_1_preds_ema_1,cpu_user_time_diff_ema_1_obs_ema_1,cpu_system_time_diff_ema_1_preds_ema_1,cpu_system_time_diff_ema_1_obs_ema_1,cpu_idle_time_diff_ema_1_preds_ema_1,cpu_idle_time_diff_ema_1_obs_ema_1,memory_ema_1_preds_ema_1,memory_ema_1_obs_ema_1
"[2.4718292757945095, 0.35265978490506134, 16.59379120257993, 32.30612671089849, 4.170055755711673, 1.0462671380235913, 14.384818921487813, 50.92573318176005]","[11.64344105323905, 0.09893615125992739, 3.305974686341905, 30.68552548638418, 11.41672052662069, 0.08446807562981817, 5.697987343329277, 30.74276274319209]","[1.197611039474166, 0.45977537985080474, 18.078732671521628, 31.331087068225184, 1.319062958423628, 0.5783712369208718, 17.72915774335554, 29.093257931242864]","[11.41672052662069, 0.08446807562981817, 5.697987343329277, 30.74276274319209, 14.40336026331733, 0.08723403781498185, 3.8289936716460122, 30.771381371596043]","[5.2720417975463905, 0.9337886993946155, 13.732650848420219, 33.426760752045844, 5.292451185662549, 0.9552904573701746, 13.697919448273959, 31.318259172483447]","[14.40336026331733, 0.08723403781498185, 3.8289936716460122, 30.771381371596043, 15.891680131646442, 0.0786170189073454, 2.904496835813693, 30.83569068579802]","[3.8878452338291987, 1.1319156728072, 14.604680250037518, 51.54950824760583, 4.082094589587486, 1.190862446646291, 14.57614700118128, 50.39238549839844]","[15.891680131646442, 0.0786170189073454, 2.904496835813693, 30.83569068579802, 17.005840065835443, 0.07430850945352718, 2.1572484179813523, 30.817845342899012]"
