cpu_user_time_diff_ema_1_preds_ema_1,cpu_user_time_diff_ema_1_obs_ema_1,cpu_system_time_diff_ema_1_preds_ema_1,cpu_system_time_diff_ema_1_obs_ema_1,cpu_idle_time_diff_ema_1_preds_ema_1,cpu_idle_time_diff_ema_1_obs_ema_1,memory_ema_1_preds_ema_1,memory_ema_1_obs_ema_1
"[1.3736225229702013, 0.4911214569575093, 17.622936057958423, 35.27210705065435]","[1.4212807366387687, 0.653713397361668, 17.886510920076397, 36.89844623045781]","[1.6187512693311161, 0.6314214494465042, 17.416659294288678, 33.9544707751597]","[1.6156403683182203, 0.6768566986811978, 17.5682554600382, 36.89922311522891]","[1.6330801954944356, 0.6658308723476741, 17.622869088201035, 34.30064909851528]","[1.3628201841594012, 0.538428349340417, 17.854127730084294, 36.89961155761445]","[0.8710688736902555, 0.30206726099028064, 18.212921607032918, 35.03071408736605]","[1.536410092075626, 0.5092141746699902, 17.51706386500955, 36.89980577880722]"
