cpu_user_time_diff_ema_1_preds_ema_1,cpu_user_time_diff_ema_1_obs_ema_1,cpu_system_time_diff_ema_1_preds_ema_1,cpu_system_time_diff_ema_1_obs_ema_1,cpu_idle_time_diff_ema_1_preds_ema_1,cpu_idle_time_diff_ema_1_obs_ema_1,memory_ema_1_preds_ema_1,memory_ema_1_obs_ema_1
"[1.4486091531540544, 0.6455990527462288, 17.661414113623703, 27.57651206598633, 1.4045908339745137, 0.5776933520414618, 17.699772310420492, 28.481638286492203]","[1.193061516592285, 0.428034859450446, 17.895446620931413, 30.499923706054688, 1.3715307582903218, 0.5340174297249319, 17.56272331045639, 30.499961853027344]","[1.1916274067522552, 0.5375912822648278, 17.747513082856113, 29.391621048209135, 1.5824304845260668, 0.6789246507147194, 17.403072749685677, 32.109292816122455]","[1.3715307582903218, 0.5340174297249319, 17.56272331045639, 30.499961853027344, 1.185765379145161, 0.42700871486232045, 17.901361655107124, 30.499980926513672]","[1.5013793509354116, 0.7705673988818272, 17.646040475588336, 27.763663261168556, 1.193473841640724, 0.4794460929078276, 18.15094345667452, 28.496279817761188]","[1.185765379145161, 0.42700871486232045, 17.901361655107124, 30.499980926513672, 1.4528826895877145, 0.5035043574320334, 17.525680827739826, 30.499990463256836]","[1.4568517016510207, 0.6627692718037805, 17.773881498373388, 29.75375864104777, 1.3324344817943747, 0.5005265559657516, 17.733615067265525, 27.27141846635438]","[1.4528826895877145, 0.5035043574320334, 17.525680827739826, 30.499990463256836, 1.2714413447775592, 0.41175217871587116, 17.802840413674335, 30.499995231628418]"
