Resource,Score,RMSE,MAE,MAPE,SMAPE,Training time,Mean Inference time,Max Inference time,Min Inference time
cpu_user_time_diff_ema_1,0.925,2.045,0.775,98.45,20.62,0.0006320476531982422,0.3661323181069702,12.632282972335815,0.08600282669067383
cpu_system_time_diff_ema_1,0.791,0.231,0.088,48.2,19.96,0.0006320476531982422,0.3441168131923717,12.986029624938965,0.08523035049438477
cpu_idle_time_diff_ema_1,-0.001,3.1712716418707673e+53,7.21998291985276e+51,25.49,22.42,0.0006320476531982422,0.3545924063464695,9.805704832077026,0.08532166481018066
memory_ema_1,0.827,0.898,0.318,3.21,3.01,0.0006320476531982422,0.36127714166302155,12.975062847137451,0.08559226989746094
