Resource,Score,RMSE,MAE,MAPE,SMAPE,Training time,Mean Inference time,Max Inference time,Min Inference time
cpu_user_time_diff_ema_1,0.964,0.948,0.261,16.08,9.5,0.0005087852478027344,0.32727227709719026,16.53823208808899,0.09139370918273926
cpu_system_time_diff_ema_1,0.834,0.167,0.089,29.07,18.47,0.0005087852478027344,0.3397085957999813,19.930025815963745,0.0899209976196289
cpu_idle_time_diff_ema_1,0.937,1.249,0.474,8.51,9.34,0.0005087852478027344,0.3341259821218272,19.3921639919281,0.10432267189025879
memory_ema_1,0.856,0.835,0.278,3.67,3.16,0.0005087852478027344,0.33217205152016305,21.21196985244751,0.09258174896240234
