Resource,Score,RMSE,MAE,MAPE,SMAPE,Training time,Mean Inference time,Max Inference time,Min Inference time
cpu_user_time_diff_ema_1,0.918,1.422,0.374,29.75,11.5,0.0005035400390625,0.08939185664397646,5.250526666641235,0.07325887680053711
cpu_system_time_diff_ema_1,-0.001,115115.785,3216.447,49.88,21.65,0.0005035400390625,0.09274519153351869,5.592624664306641,0.07531118392944336
cpu_idle_time_diff_ema_1,0.906,1.558,0.474,15.89,8.04,0.0005035400390625,0.09229308150432092,5.360473871231079,0.07538628578186035
memory_ema_1,0.815,0.957,0.334,4.2,3.65,0.0005035400390625,0.08879598743409592,5.354613304138184,0.07267332077026367
