Resource,Score,RMSE,MAE,MAPE,SMAPE,Training time,Mean Inference time,Max Inference time,Min Inference time
cpu_user_time_diff_ema_1,0.95,1.485,0.506,42.34,20.49,0.0006394386291503906,0.167083868154585,5.315303564071655,0.08035707473754883
cpu_system_time_diff_ema_1,0.768,0.245,0.114,55.43,24.5,0.0006394386291503906,0.17357944697999023,5.358688116073608,0.08098316192626953
cpu_idle_time_diff_ema_1,0.928,1.714,0.597,12.04,8.07,0.0006394386291503906,0.16843751720372496,5.39691948890686,0.08043694496154785
memory_ema_1,0.845,1.135,0.496,5.42,4.8,0.0006394386291503906,0.17680632192191376,9.976700067520142,0.08280158042907715
