Resource,Score,RMSE,MAE,MAPE,SMAPE,Training time,Mean Inference time,Max Inference time,Min Inference time
cpu_user_time_diff_ema_1,0.903,2.057,0.687,101.2,22.64,0.0009245872497558594,0.30210577564693764,26.735852241516113,0.08192276954650879
cpu_system_time_diff_ema_1,0.648,0.301,0.142,63.99,29.25,0.0009245872497558594,0.30513148841282756,28.281981706619263,0.08439493179321289
cpu_idle_time_diff_ema_1,0.871,2.316,0.835,14.45,10.31,0.0009245872497558594,0.3123866940327729,23.176357984542847,0.10837101936340332
memory_ema_1,0.783,1.351,0.581,6.31,5.55,0.0009245872497558594,0.3092228088463164,29.699970245361328,0.08406615257263184
