cpu_user_time_diff_ema_1_preds_ema_1,cpu_user_time_diff_ema_1_obs_ema_1,cpu_system_time_diff_ema_1_preds_ema_1,cpu_system_time_diff_ema_1_obs_ema_1,cpu_idle_time_diff_ema_1_preds_ema_1,cpu_idle_time_diff_ema_1_obs_ema_1,memory_ema_1_preds_ema_1,memory_ema_1_obs_ema_1
"[4.976795535431096, 1.0312524138562502, 13.563557885767223, 27.900962565651376, 2.4346284456985345, 0.6250643760042802, 16.86535255968491, 27.162639018358103]","[8.490006208128474, 1.4292072525125068, 9.380708893855559, 28.258462524227795, 8.61500310405958, 1.4096036262632383, 9.005354447337561, 28.2292312621139]","[-1.3321885418271755, 0.008156434393192358, 20.957756521566367, 26.67759409160421, 4.333430349877784, 0.8791104139323891, 14.552304368802622, 28.228268731825683]","[8.61500310405958, 1.4096036262632383, 9.005354447337561, 28.2292312621139, 9.402501552001851, 1.7298018131257984, 6.53767722288647, 28.514615631056948]","[-7.347687676289277, -1.1596569138092638, 28.87518027369459, 25.00073715089429, 1.9320004238512132, 0.43820302055321764, 17.24088686593088, 27.47093664968618]","[9.402501552001851, 1.7298018131257984, 6.53767722288647, 28.514615631056948, 10.301250775977643, 2.4149009065658094, 5.8788386117785105, 28.657307815528476]","[11.589304086424416, 1.51658903511598, 3.855448295783426, 24.6727293611247, 13.612225210652436, 2.392741049293398, 0.9336565193987347, 24.410589267889524]","[10.301250775977643, 2.4149009065658094, 5.8788386117785105, 28.657307815528476, 9.405625387993478, 1.9924504532863971, 7.604419305926508, 28.578653907764238]"
