cpu_user_time_diff_ema_1_preds_ema_1,cpu_user_time_diff_ema_1_obs_ema_1,cpu_system_time_diff_ema_1_preds_ema_1,cpu_system_time_diff_ema_1_obs_ema_1,cpu_idle_time_diff_ema_1_preds_ema_1,cpu_idle_time_diff_ema_1_obs_ema_1,memory_ema_1_preds_ema_1,memory_ema_1_obs_ema_1
"[1.452756657764186, 0.6988843887570749, 17.480492641944746, 13.241553219734769, 1.4028582073340918, 0.557582127784615, 17.7749241397562, 13.506853040095722]","[1.1670999194257496, 0.38489931068311284, 18.093948065940445, 13.401204218621345, 1.4385499597233522, 0.5924496553430116, 17.70697403300282, 13.400602109310672]","[1.5352390793964483, 0.604984676961049, 17.340737035591726, 12.536448773478853, 1.6462414304153887, 0.8124648482943098, 17.378607029254614, 13.15089929696508]","[1.4385499597233522, 0.5924496553430116, 17.70697403300282, 13.400602109310672, 1.2892749798686611, 0.48622482766655817, 17.973487016496755, 13.400301054655337]","[1.481879210074366, 0.590904791137693, 17.636971990130178, 13.483344974821353, 1.4088390490477982, 0.6513986419822115, 17.97256676783784, 13.732923082935722]","[1.2892749798686611, 0.48622482766655817, 17.973487016496755, 13.400301054655337, 1.554637489937823, 0.7131124138344432, 17.641743508276317, 13.400150527327668]","[1.3327066295007401, 0.5111338085626252, 17.890393897074798, 13.457840028161533, 1.5149676443574644, 0.6626000118416752, 17.83668879081049, 13.780458499238277]","[1.554637489937823, 0.7131124138344432, 17.641743508276317, 13.400150527327668, 1.4223187449584342, 0.6265562069212962, 17.925871754119534, 13.400075263663833]"
