cpu_user_time_diff_ema_1_preds_ema_1,cpu_user_time_diff_ema_1_obs_ema_1,cpu_system_time_diff_ema_1_preds_ema_1,cpu_system_time_diff_ema_1_obs_ema_1,cpu_idle_time_diff_ema_1_preds_ema_1,cpu_idle_time_diff_ema_1_obs_ema_1,memory_ema_1_preds_ema_1,memory_ema_1_obs_ema_1
"[-2.455599324814014, -0.3885839667476777, 23.166609941238246, 26.621511080565462]","[8.490006208128474, 1.4292072525125068, 9.380708893855559, 28.258462524227795]","[3.4048407461949064, 0.8742948661594814, 16.196192332064687, 27.688346920150007]","[8.61500310405958, 1.4096036262632383, 9.005354447337561, 28.2292312621139]","[8.3050884349975, 1.4834794706957357, 9.51155159010787, 28.233865214500753]","[9.402501552001851, 1.7298018131257984, 6.53767722288647, 28.514615631056948]","[5.025610646547918, 0.616528237499423, 12.236963547255659, 23.836628147040248]","[10.301250775977643, 2.4149009065658094, 5.8788386117785105, 28.657307815528476]"
