cpu_user_time_diff_ema_1_preds_ema_1,cpu_user_time_diff_ema_1_obs_ema_1,cpu_system_time_diff_ema_1_preds_ema_1,cpu_system_time_diff_ema_1_obs_ema_1,cpu_idle_time_diff_ema_1_preds_ema_1,cpu_idle_time_diff_ema_1_obs_ema_1,memory_ema_1_preds_ema_1,memory_ema_1_obs_ema_1
"[1.366888735574348, 0.6505177297719599, 17.86449899901626, 13.393441425226145]","[1.1670999194257496, 0.38489931068311284, 18.093948065940445, 13.401204218621345]","[1.507529406374777, 0.6334137023408334, 17.462071448299685, 13.639761473370738]","[1.4385499597233522, 0.5924496553430116, 17.70697403300282, 13.400602109310672]","[1.1511348995177146, 0.3960819713010736, 17.992937200292516, 13.46187197192862]","[1.2892749798686611, 0.48622482766655817, 17.973487016496755, 13.400301054655337]","[1.361095569487652, 0.5249889539907551, 17.69873915913335, 13.359617684422261]","[1.554637489937823, 0.7131124138344432, 17.641743508276317, 13.400150527327668]"
