cpu_user_time_diff_ema_1_preds_ema_1,cpu_user_time_diff_ema_1_obs_ema_1,cpu_system_time_diff_ema_1_preds_ema_1,cpu_system_time_diff_ema_1_obs_ema_1,cpu_idle_time_diff_ema_1_preds_ema_1,cpu_idle_time_diff_ema_1_obs_ema_1,memory_ema_1_preds_ema_1,memory_ema_1_obs_ema_1
"[5.2855272136382, 0.8663956165838425, 13.858566639999301, 16.564049258603415]","[5.262582526061305, 0.9032282335825286, 13.822499635141373, 16.288830637920025]","[5.318892345078765, 0.8979927248871018, 13.843975522410425, 16.380914586681556]","[5.216291263051607, 0.9366141167918464, 13.831249817961842, 16.544415318960013]","[5.245670110219879, 0.9145759701584513, 13.84309648021318, 16.370265411976092]","[5.213145631507177, 0.943307058401744, 13.845624908682897, 16.322207659480007]","[5.169060827870764, 0.9527836329693117, 13.793890739538913, 16.19801839426622]","[5.206572815730306, 0.9516535291967975, 13.827812454602219, 16.211103829740004]"
