cpu_user_time_diff_ema_1_preds_ema_1,cpu_user_time_diff_ema_1_obs_ema_1,cpu_system_time_diff_ema_1_preds_ema_1,cpu_system_time_diff_ema_1_obs_ema_1,cpu_idle_time_diff_ema_1_preds_ema_1,cpu_idle_time_diff_ema_1_obs_ema_1,memory_ema_1_preds_ema_1,memory_ema_1_obs_ema_1
"[1.5243296633091037, 0.6018037704827062, 17.7188549809405, 15.02085786963893]","[1.4378608953933578, 0.5560218060023188, 17.583749831474144, 16.000004161953967]","[1.3737241678097825, 0.5848551143672415, 17.756931737348047, 14.286127370204639]","[1.2589304476757242, 0.4230109030052339, 17.861874915802264, 16.000002080976984]","[1.3173822651953369, 0.40021517230852954, 17.674279731535396, 14.351009587595252]","[1.4294652238262207, 0.49650545149883346, 17.55093745778006, 16.000001040488492]","[1.4946003777506434, 0.5882902477061843, 17.688553970645167, 16.35733527625653]","[1.3297326119620048, 0.5182527257534912, 17.880468728871403, 16.000000520244246]"
