cpu_user_time_diff_ema_1_preds_ema_1,cpu_user_time_diff_ema_1_obs_ema_1,cpu_system_time_diff_ema_1_preds_ema_1,cpu_system_time_diff_ema_1_obs_ema_1,cpu_idle_time_diff_ema_1_preds_ema_1,cpu_idle_time_diff_ema_1_obs_ema_1,memory_ema_1_preds_ema_1,memory_ema_1_obs_ema_1
"[11.770835154534579, -0.332909366469088, 5.6822728142174235, 12.527330027876687, 6.383538270887324, 1.2409461475653627, 11.17776050522452, 25.040235125955828]","[8.369018004932247, 1.7122421016535665, 8.496738471972826, 26.101983642578126, 7.92450900245681, 1.47112105081747, 9.638369236116798, 25.950991821289065]","[17.874233478042445, 0.06912501097315987, 1.8153746292801936, 15.235060181847395, 18.439040078521224, 0.05875695004747764, 1.3037202170577809, 15.21044845399949]","[7.92450900245681, 1.47112105081747, 9.638369236116798, 25.950991821289065, 8.012254501216763, 1.3255605254197944, 9.839184618077025, 25.825495910644534]","[6.253671895117693, 1.1681160154002985, 12.039114255195473, 26.884846566732044, 5.943342700747581, 1.0019892621320678, 12.417118583589478, 27.69517308215153]","[8.012254501216763, 1.3255605254197944, 9.839184618077025, 25.825495910644534, 7.841127250629336, 1.3277802627034943, 10.12959230900126, 25.76274795532227]","[10.741731093084692, 1.1914764799375455, 7.130988447111534, 15.996953978482143, 5.2281152327567, 0.9835547776006457, 13.765230969491943, 16.020970591418564]","[7.841127250629336, 1.3277802627034943, 10.12959230900126, 25.76274795532227, 7.490563625321653, 1.1638901313517471, 10.639796154686895, 25.731373977661136]"
