cpu_user_time_diff_ema_1_preds_ema_1,cpu_user_time_diff_ema_1_obs_ema_1,cpu_system_time_diff_ema_1_preds_ema_1,cpu_system_time_diff_ema_1_obs_ema_1,cpu_idle_time_diff_ema_1_preds_ema_1,cpu_idle_time_diff_ema_1_obs_ema_1,memory_ema_1_preds_ema_1,memory_ema_1_obs_ema_1
"[1.369646757917468, 0.6051580806094208, 17.80524402613545, 15.07028657788941, 1.4197809688090435, 0.7044132267999184, 17.84037158329021, 14.702004226788354]","[1.4378608953933578, 0.5560218060023188, 17.583749831474144, 16.000004161953967, 1.2589304476757242, 0.4230109030052339, 17.861874915802264, 16.000002080976984]","[1.2912083638617795, 0.5428641338855464, 17.54686075554827, 15.056067455474913, 1.299264675235488, 0.573949652342304, 17.839253512683705, 15.180119151293987]","[1.2589304476757242, 0.4230109030052339, 17.861874915802264, 16.000002080976984, 1.4294652238262207, 0.49650545149883346, 17.55093745778006, 16.000001040488492]","[1.3964276986133535, 0.5674104312770497, 17.596848629555694, 14.373987100289709, 1.5121758351877639, 0.644792095577264, 17.694242339266356, 15.078285383780676]","[1.4294652238262207, 0.49650545149883346, 17.55093745778006, 16.000001040488492, 1.3297326119620048, 0.5182527257534912, 17.880468728871403, 16.000000520244246]","[1.2263807522858938, 0.4547979373555163, 17.817943307290808, 14.079225525660886, 1.1710243006424053, 0.389728404086992, 17.84760367283891, 14.79556688880557]","[1.3297326119620048, 0.5182527257534912, 17.880468728871403, 16.000000520244246, 1.4998663059437494, 0.6541263628735442, 17.575234364445016, 16.00000026012212]"
