cpu_user_time_diff_ema_1_preds_ema_1,cpu_user_time_diff_ema_1_obs_ema_1,cpu_system_time_diff_ema_1_preds_ema_1,cpu_system_time_diff_ema_1_obs_ema_1,cpu_idle_time_diff_ema_1_preds_ema_1,cpu_idle_time_diff_ema_1_obs_ema_1,memory_ema_1_preds_ema_1,memory_ema_1_obs_ema_1
"[5.13823683168589, 0.9301556983822729, 13.784755605147424, 16.19786541182779, 5.3125697951123385, 0.9472615186862494, 13.747019122442158, 16.483029921267615]","[5.262582526061305, 0.9032282335825286, 13.822499635141373, 16.288830637920025, 5.216291263051607, 0.9366141167918464, 13.831249817961842, 16.544415318960013]","[5.180940395834726, 0.9868716087568934, 13.812702154627845, 16.557516413374138, 5.234782782833689, 0.9857202514002017, 13.828139966054215, 16.50706725929797]","[5.216291263051607, 0.9366141167918464, 13.831249817961842, 16.544415318960013, 5.213145631507177, 0.943307058401744, 13.845624908682897, 16.322207659480007]","[5.182562840859132, 0.9442193406427277, 13.844242556353642, 16.07114556727942, 5.212551249020677, 0.8702503557885392, 13.801982690613094, 15.969524958439038]","[5.213145631507177, 0.943307058401744, 13.845624908682897, 16.322207659480007, 5.206572815730306, 0.9516535291967975, 13.827812454602219, 16.211103829740004]","[5.13599533101309, 0.936365232779046, 13.853313601521364, 15.541100238563432, 5.267361950404808, 0.8740547289590618, 13.874339995621295, 16.61322230583792]","[5.206572815730306, 0.9516535291967975, 13.827812454602219, 16.211103829740004, 5.248286407883779, 0.915826764600727, 13.828906227338361, 16.155551914870003]"
