cpu_user_time_diff_ema_1_preds_ema_1,cpu_user_time_diff_ema_1_obs_ema_1,cpu_system_time_diff_ema_1_preds_ema_1,cpu_system_time_diff_ema_1_obs_ema_1,cpu_idle_time_diff_ema_1_preds_ema_1,cpu_idle_time_diff_ema_1_obs_ema_1,memory_ema_1_preds_ema_1,memory_ema_1_obs_ema_1
"[18.64433481621559, 0.07459152321655076, 0.6438842681241816, 14.75574947792125]","[8.369018004932247, 1.7122421016535665, 8.496738471972826, 26.101983642578126]","[1.3155397417424204, 0.328924469118145, 17.580094958368502, 14.95490098786981]","[7.92450900245681, 1.47112105081747, 9.638369236116798, 25.950991821289065]","[9.419848349034114, 1.9714389217243076, 8.012201215300006, 32.63516000575165]","[8.012254501216763, 1.3255605254197944, 9.839184618077025, 25.825495910644534]","[6.173177942558573, 1.1765542831085256, 12.427579269475846, 26.482541872848657]","[7.841127250629336, 1.3277802627034943, 10.12959230900126, 25.76274795532227]"
