Resource,Score,RMSE,MAE,MAPE,SMAPE,Training time,Mean Inference time,Max Inference time,Min Inference time
cpu_user_time_diff_sg_5_2,0.995,0.34,0.173,14.66,18.96,109.1908872127533,0.1832282470864591,1.4819681644439697,0.09152054786682129
cpu_system_time_diff_sg_5_2,0.921,0.126,0.071,20.79,19.34,109.1908872127533,0.1832282470864591,1.4819681644439697,0.09152054786682129
cpu_idle_time_diff_sg_5_2,0.986,0.612,0.478,7.44,9.58,109.1908872127533,0.1832282470864591,1.4819681644439697,0.09152054786682129
memory_sg_5_2,0.987,0.215,0.139,1.34,1.33,109.1908872127533,0.1832282470864591,1.4819681644439697,0.09152054786682129
