Resource,Score,RMSE,MAE,MAPE,SMAPE,Training time,Mean Inference time,Max Inference time,Min Inference time
cpu_user_time_diff_sg_5_2,0.969,0.865,0.316,29.48,19.87,318.64508032798767,0.18634190573874732,1.2796275615692139,0.09927916526794434
cpu_system_time_diff_sg_5_2,0.867,0.155,0.089,59.15,25.64,318.64508032798767,0.18634190573874732,1.2796275615692139,0.09927916526794434
cpu_idle_time_diff_sg_5_2,0.959,1.061,0.562,9.97,10.67,318.64508032798767,0.18634190573874732,1.2796275615692139,0.09927916526794434
memory_sg_5_2,0.933,0.471,0.311,3.04,2.98,318.64508032798767,0.18634190573874732,1.2796275615692139,0.09927916526794434
