Resource,Score,RMSE,MAE,MAPE,SMAPE,Training time,Mean Inference time,Max Inference time,Min Inference time
cpu_user_time_diff_sg_5_2,0.968,1.134,0.44,27.0,24.17,306.0342366695404,0.06659231838420161,0.6852777004241943,0.05409836769104004
cpu_system_time_diff_sg_5_2,0.844,0.206,0.101,249.12,35.73,306.0342366695404,0.06659231838420161,0.6852777004241943,0.05409836769104004
cpu_idle_time_diff_sg_5_2,0.941,1.448,0.92,11.41,10.21,306.0342366695404,0.06659231838420161,0.6852777004241943,0.05409836769104004
memory_sg_5_2,0.953,0.541,0.252,2.23,2.2,306.0342366695404,0.06659231838420161,0.6852777004241943,0.05409836769104004
