Resource,Score,RMSE,MAE,MAPE,SMAPE,Training time,Mean Inference time,Max Inference time,Min Inference time
cpu_user_time_diff_sg_5_2,0.948,1.571,0.605,75.33,23.11,1541.1615872383118,0.09222808899647866,0.6624660491943359,0.07676911354064941
cpu_system_time_diff_sg_5_2,0.832,0.189,0.07,29.92,23.77,1541.1615872383118,0.09222808899647866,0.6624660491943359,0.07676911354064941
cpu_idle_time_diff_sg_5_2,0.944,1.591,0.542,13.66,14.2,1541.1615872383118,0.09222808899647866,0.6624660491943359,0.07676911354064941
memory_sg_5_2,0.872,0.637,0.352,3.49,3.54,1541.1615872383118,0.09222808899647866,0.6624660491943359,0.07676911354064941
