Resource,Score,RMSE,MAE,MAPE,SMAPE,Training time,Mean Inference time,Max Inference time,Min Inference time
cpu_user_time_diff,0.98,0.883,0.452,52.45,49.62,98.30495572090149,0.08676274249400519,1.3789422512054443,0.07444047927856445
cpu_system_time_diff,0.871,0.164,0.086,21.91,21.55,98.30495572090149,0.08676274249400519,1.3789422512054443,0.07444047927856445
cpu_idle_time_diff,0.978,0.915,0.404,8.84,9.57,98.30495572090149,0.08676274249400519,1.3789422512054443,0.07444047927856445
memory,0.984,1.278,0.538,1.47,1.47,98.30495572090149,0.08676274249400519,1.3789422512054443,0.07444047927856445
