Resource,Score,RMSE,MAE,MAPE,SMAPE,Training time,Mean Inference time,Max Inference time,Min Inference time
cpu_user_time_diff,0.981,0.732,0.347,29.51,38.64,97.61440944671631,0.08660501516124977,1.3942523002624512,0.05703568458557129
cpu_system_time_diff,0.791,0.169,0.106,24.86,23.43,97.61440944671631,0.08660501516124977,1.3942523002624512,0.05703568458557129
cpu_idle_time_diff,0.971,0.882,0.512,6.93,7.87,97.61440944671631,0.08660501516124977,1.3942523002624512,0.05703568458557129
memory,0.973,1.25,0.908,3.0,3.05,97.61440944671631,0.08660501516124977,1.3942523002624512,0.05703568458557129
