Resource,Score,RMSE,MAE,MAPE,SMAPE,Training time,Mean Inference time,Max Inference time,Min Inference time
cpu_user_time_diff_ema_1,0.992,0.588,0.312,41.56,41.72,146.24330067634583,0.08852127259773195,1.1810739040374756,0.07610487937927246
cpu_system_time_diff_ema_1,0.979,0.073,0.034,11.59,9.73,146.24330067634583,0.08852127259773195,1.1810739040374756,0.07610487937927246
cpu_idle_time_diff_ema_1,0.991,0.626,0.261,7.37,6.91,146.24330067634583,0.08852127259773195,1.1810739040374756,0.07610487937927246
memory_ema_1,0.994,0.43,0.267,1.61,1.63,146.24330067634583,0.08852127259773195,1.1810739040374756,0.07610487937927246
