Resource,Score,RMSE,MAE,MAPE,SMAPE,Training time,Mean Inference time,Max Inference time,Min Inference time
cpu_user_time_diff_ema_1,0.917,2.0,0.735,37.52,39.47,2375.9087133407593,0.1226071593468255,52.64788246154785,0.08529186248779297
cpu_system_time_diff_ema_1,0.737,0.238,0.127,34.87,25.44,2375.9087133407593,0.1226071593468255,52.64788246154785,0.08529186248779297
cpu_idle_time_diff_ema_1,0.907,2.142,0.701,17.32,13.1,2375.9087133407593,0.1226071593468255,52.64788246154785,0.08529186248779297
memory_ema_1,0.858,1.265,0.526,2.98,2.94,2375.9087133407593,0.1226071593468255,52.64788246154785,0.08529186248779297
