Resource,Score,RMSE,MAE,MAPE,SMAPE,Training time,Mean Inference time,Max Inference time,Min Inference time
cpu_user_time_diff_ema_1,0.995,0.452,0.211,15.69,8.99,101.85712599754333,0.08660473280431681,1.129537582397461,0.07491040229797363
cpu_system_time_diff_ema_1,0.979,0.076,0.05,14.57,15.99,101.85712599754333,0.08660473280431681,1.129537582397461,0.07491040229797363
cpu_idle_time_diff_ema_1,0.991,0.572,0.319,11.39,14.51,101.85712599754333,0.08660473280431681,1.129537582397461,0.07491040229797363
memory_ema_1,0.992,0.518,0.422,2.26,2.3,101.85712599754333,0.08660473280431681,1.129537582397461,0.07491040229797363
