Resource,Score,RMSE,MAE,MAPE,SMAPE,Training time,Mean Inference time,Max Inference time,Min Inference time
cpu_user_time_diff_sg_5_2,-0.001,4577046.901,158278.297,52.88,27.5,0.0014524459838867188,0.140417853760105,7.747426509857178,0.0807642936706543
cpu_system_time_diff_sg_5_2,0.532,0.369,0.185,47.08,31.92,0.0014524459838867188,0.14582646229086255,10.044620037078857,0.08450055122375488
cpu_idle_time_diff_sg_5_2,0.882,2.229,0.806,30.72,11.59,0.0014524459838867188,0.14370052324742297,5.7980546951293945,0.08527898788452148
memory_sg_5_2,-0.001,14692.021,444.433,8.05,3.52,0.0014524459838867188,0.1439490083723561,9.760354042053223,0.0799400806427002
