cpu_user_time_diff_ema_1_preds_ema_1,cpu_user_time_diff_ema_1_obs_ema_1,cpu_system_time_diff_ema_1_preds_ema_1,cpu_system_time_diff_ema_1_obs_ema_1,cpu_idle_time_diff_ema_1_preds_ema_1,cpu_idle_time_diff_ema_1_obs_ema_1,memory_ema_1_preds_ema_1,memory_ema_1_obs_ema_1
"[1.2781818732681844, 0.4462846477415109, 17.980382071726527, 8.839819690234709, 1.2347046741271537, 0.5020754307947188, 18.0339480904196, 8.686578238059626]","[1.485385187766119, 0.5765289099199766, 17.680477691645834, 9.599976289579185, 1.5626925938609406, 0.6582644549589697, 17.480238845953302, 9.599988144789592]","[1.1157232897715081, 0.3682212812489958, 18.249621906431106, 9.42725964724757, 1.3928522844406415, 0.44377516003789436, 17.7094708448181, 9.201293579649022]","[1.5626925938609406, 0.6582644549589697, 17.480238845953302, 9.599988144789592, 1.2663462969456043, 0.5041322274787572, 17.96011942271588, 9.599994072394797]","[1.2897931463669632, 0.5353995853917803, 17.91253095195269, 9.243838915376001, 1.2737157630431792, 0.4818818981422776, 17.771110236562688, 9.381009622585198]","[1.2663462969456043, 0.5041322274787572, 17.96011942271588, 9.599994072394797, 1.5081731484728023, 0.5620661137406883, 17.625059711376565, 9.599997036197397]","[1.3841336572044092, 0.4640341950245555, 17.700687957465362, 8.83952591401875, 1.2679799351611096, 0.5846846918929139, 17.980906489185028, 9.609379819861024]","[1.5081731484728023, 0.5620661137406883, 17.625059711376565, 9.599997036197397, 1.2590865742410577, 0.42103305686976206, 18.02252985565103, 9.599998518098698]"
