cpu_user_time_diff_ema_1_preds_ema_1,cpu_user_time_diff_ema_1_obs_ema_1,cpu_system_time_diff_ema_1_preds_ema_1,cpu_system_time_diff_ema_1_obs_ema_1,cpu_idle_time_diff_ema_1_preds_ema_1,cpu_idle_time_diff_ema_1_obs_ema_1,memory_ema_1_preds_ema_1,memory_ema_1_obs_ema_1
"[1.2475701411144384, 0.5716491280005964, 17.932125405061914, 9.473136550850743]","[1.485385187766119, 0.5765289099199766, 17.680477691645834, 9.599976289579185]","[1.2171029730617293, 0.49431851944429017, 18.053031521608997, 9.627555313900253]","[1.5626925938609406, 0.6582644549589697, 17.480238845953302, 9.599988144789592]","[1.6754596040754004, 0.7935938110104226, 17.196208856950875, 8.711776507454369]","[1.2663462969456043, 0.5041322274787572, 17.96011942271588, 9.599994072394797]","[1.388753717543471, 0.7323852207891788, 17.768332636834987, 8.75545835909669]","[1.5081731484728023, 0.5620661137406883, 17.625059711376565, 9.599997036197397]"
