cpu_user_time_diff_ema_1_preds_ema_1,cpu_user_time_diff_ema_1_obs_ema_1,cpu_system_time_diff_ema_1_preds_ema_1,cpu_system_time_diff_ema_1_obs_ema_1,cpu_idle_time_diff_ema_1_preds_ema_1,cpu_idle_time_diff_ema_1_obs_ema_1,memory_ema_1_preds_ema_1,memory_ema_1_obs_ema_1
"[5.0965007175285795, 1.0084322987133683, 13.957475923758869, 8.972789848095209, 5.232454590914114, 1.0016262699460141, 13.923332603916442, 9.273239650527456]","[5.114793911752655, 0.990934813226065, 13.884087388831063, 9.634988421196976, 5.16739695587691, 0.9754674066125959, 13.827043694424844, 9.367494210598487]","[5.167454870334316, 1.030578504265393, 13.851158125816236, 8.94517194990667, 5.1198879442600145, 1.0508686508764573, 13.659231982689786, 9.024137714739]","[5.16739695587691, 0.9754674066125959, 13.827043694424844, 9.367494210598487, 5.198698477936418, 1.0127337033077533, 13.773521847198452, 9.233747105299244]","[5.195265537208578, 1.0390231916417507, 13.72890918179943, 9.091776610338206, 5.134544626400749, 1.0149935707969422, 13.880553426923482, 9.367898748409464]","[5.198698477936418, 1.0127337033077533, 13.773521847198452, 9.233747105299244, 5.169349238967918, 1.001366851652858, 13.826760923659762, 9.366873552649622]","[5.081476656973392, 1.02300959614426, 13.775778754297395, 9.200513441134232, 5.125024861902541, 0.9610813706819699, 13.77911834777949, 9.092614443638771]","[5.169349238967918, 1.001366851652858, 13.826760923659762, 9.366873552649622, 5.21467461948134, 1.040683425827302, 13.728380461774002, 9.233436776324812]"
