cpu_user_time_diff_ema_1_preds_ema_1,cpu_user_time_diff_ema_1_obs_ema_1,cpu_system_time_diff_ema_1_preds_ema_1,cpu_system_time_diff_ema_1_obs_ema_1,cpu_idle_time_diff_ema_1_preds_ema_1,cpu_idle_time_diff_ema_1_obs_ema_1,memory_ema_1_preds_ema_1,memory_ema_1_obs_ema_1
"[0.7097851954162575, 0.4443891578006517, 18.780359841676642, 8.822152829920139, 0.8291946345123276, 0.41804370707903893, 18.566614823328702, 8.442167585297597]","[1.2139768356683496, 0.49862901597596343, 18.000909560756142, 8.900000000000002, 1.4119884178271898, 0.6393145079873996, 17.640454780275626, 8.900000000000002]","[1.14697887309666, 0.5658721900604381, 18.2270355325943, 8.87027120632613, -0.28522509778987304, -0.09311182226854631, 20.52440361871044, 8.803375163583699]","[1.4119884178271898, 0.6393145079873996, 17.640454780275626, 8.900000000000002, 1.285994208929893, 0.594657253991517, 18.040227390109873, 8.900000000000002]","[-0.10647321862831338, -0.09401612371962581, 20.077609112111823, 9.102725329486523, 9.69778071884495, 2.1804638467984896, 8.03300796629893, 14.695812776504258]","[1.285994208929893, 0.594657253991517, 18.040227390109873, 8.900000000000002, 1.5029971044509767, 0.6723286269957585, 17.68011369520395, 8.900000000000002]","[1.1735511368229785, 0.3991427371416683, 17.979933970690954, 8.704767650267193, 1.1019913758389424, 0.49678251948572105, 18.18040229166765, 8.862088458228035]","[1.5029971044509767, 0.6723286269957585, 17.68011369520395, 8.900000000000002, 1.266498552239458, 0.7161643134988979, 18.050056847564722, 8.900000000000002]"
