cpu_user_time_diff_ema_1_preds_ema_1,cpu_user_time_diff_ema_1_obs_ema_1,cpu_system_time_diff_ema_1_preds_ema_1,cpu_system_time_diff_ema_1_obs_ema_1,cpu_idle_time_diff_ema_1_preds_ema_1,cpu_idle_time_diff_ema_1_obs_ema_1,memory_ema_1_preds_ema_1,memory_ema_1_obs_ema_1
"[5.224769437409832, 0.976990525567467, 13.8960492763672, 9.002548756641069]","[5.114793911752655, 0.990934813226065, 13.884087388831063, 9.634988421196976]","[5.223505122290746, 0.8981787507169149, 13.887367430598712, 9.194620200685186]","[5.16739695587691, 0.9754674066125959, 13.827043694424844, 9.367494210598487]","[5.177502148225524, 1.039517298819304, 13.793267522279477, 9.120699053555628]","[5.198698477936418, 1.0127337033077533, 13.773521847198452, 9.233747105299244]","[5.17945723285656, 1.020579171226376, 13.910872502458497, 9.059340893755783]","[5.169349238967918, 1.001366851652858, 13.826760923659762, 9.366873552649622]"
