cpu_user_time_diff_ema_1_preds_ema_1,cpu_user_time_diff_ema_1_obs_ema_1,cpu_system_time_diff_ema_1_preds_ema_1,cpu_system_time_diff_ema_1_obs_ema_1,cpu_idle_time_diff_ema_1_preds_ema_1,cpu_idle_time_diff_ema_1_obs_ema_1,memory_ema_1_preds_ema_1,memory_ema_1_obs_ema_1
"[1.192576879466515, 0.5961076582200532, 17.998955941832886, 8.99562934920584]","[1.2139768356683496, 0.49862901597596343, 18.000909560756142, 8.900000000000002]","[1.2030649869741932, 0.5262949210496352, 18.219382485765216, 9.022397180768959]","[1.4119884178271898, 0.6393145079873996, 17.640454780275626, 8.900000000000002]","[0.4589035178964972, 0.22347636683212493, 19.463287200745185, 9.009365972695756]","[1.285994208929893, 0.594657253991517, 18.040227390109873, 8.900000000000002]","[6.142974202924503, 0.6091327956760068, 13.232482378357052, 11.337286089900571]","[1.5029971044509767, 0.6723286269957585, 17.68011369520395, 8.900000000000002]"
