cpu_user_time_diff_ema_1_preds_ema_1,cpu_user_time_diff_ema_1_obs_ema_1,cpu_system_time_diff_ema_1_preds_ema_1,cpu_system_time_diff_ema_1_obs_ema_1,cpu_idle_time_diff_ema_1_preds_ema_1,cpu_idle_time_diff_ema_1_obs_ema_1,memory_ema_1_preds_ema_1,memory_ema_1_obs_ema_1
"[2.4975603453450566, 0.5064683005974867, 17.070141376739166, 9.317659855524093]","[5.211148742576309, 1.0149122393480638, 13.76916406816434, 9.995168567311822]","[3.7898095962498033, 0.6755098984375543, 15.472610401494435, 9.85766208554058]","[5.155574371276513, 0.9974561196719947, 13.82458203402629, 10.19758428365591]","[5.611899365143615, 1.0671488207076698, 13.23658265756112, 9.871023857507263]","[5.172787185668525, 1.0087280598380346, 13.792291017367049, 10.048792141827956]","[2.0850500074367977, 0.4230638900721655, 17.44720902417731, 9.190678285438565]","[5.18639359281098, 1.0243640299158159, 13.776145508571766, 9.97439607091398]"
