cpu_user_time_diff_ema_1_preds_ema_1,cpu_user_time_diff_ema_1_obs_ema_1,cpu_system_time_diff_ema_1_preds_ema_1,cpu_system_time_diff_ema_1_obs_ema_1,cpu_idle_time_diff_ema_1_preds_ema_1,cpu_idle_time_diff_ema_1_obs_ema_1,memory_ema_1_preds_ema_1,memory_ema_1_obs_ema_1
"[5.099509983957062, 0.9945458494910259, 13.901938046432534, 9.952556182790794, 4.898663348268361, 0.9087220406270118, 14.075196920810235, 9.198596172760041]","[5.211148742576309, 1.0149122393480638, 13.76916406816434, 9.995168567311822, 5.155574371276513, 0.9974561196719947, 13.82458203402629, 10.19758428365591]","[6.623895274365904, -0.13301825222629793, 13.309498085948874, 9.44760450902922, 14.384195034533274, 1.0486002164642074, 4.37021040154116, 8.363948462927848]","[5.155574371276513, 0.9974561196719947, 13.82458203402629, 10.19758428365591, 5.172787185668525, 1.0087280598380346, 13.792291017367049, 10.048792141827956]","[7.101281950210248, 1.3667448618253477, 11.506352417319523, 9.935997091104726, 4.940606159121133, 0.9755633077333643, 14.239195123943732, 9.953851956127586]","[5.172787185668525, 1.0087280598380346, 13.792291017367049, 10.048792141827956, 5.18639359281098, 1.0243640299158159, 13.776145508571766, 9.97439607091398]","[0.9475529049256397, 0.26344810644533223, 18.78843778462951, 9.248065586118125, 7.285713769934437, 1.592171747684441, 10.25270778691464, 13.601916432738198]","[5.18639359281098, 1.0243640299158159, 13.776145508571766, 9.97439607091398, 5.173196796421788, 1.012182014957908, 13.813072754099618, 10.08719803545699]"
