cpu_user_time_diff_sma_2_preds_sma_2,cpu_user_time_diff_sma_2_obs_sma_2,cpu_system_time_diff_sma_2_preds_sma_2,cpu_system_time_diff_sma_2_obs_sma_2,cpu_idle_time_diff_sma_2_preds_sma_2,cpu_idle_time_diff_sma_2_obs_sma_2,memory_sma_2_preds_sma_2,memory_sma_2_obs_sma_2
"[0.027295038061417365, 0.03735231712317192, 19.508323954014628, 9.50518375902204]","[0.03500000000349246, 0.05500000000029104, 19.929999999934807, 8.7]","[0.060802474416024876, 0.07020024281075163, 19.634981287088415, 8.513246720461892]","[0.029999999998835847, 0.05999999999949068, 19.93499999982305, 8.7]","[0.09822563990912495, 0.05939639487777998, 19.874558608292634, 8.650851683280758]","[0.029999999998835847, 0.05500000000029104, 19.915000000037253, 8.7]","[0.01847085804909018, 0.03410820278339634, 20.005418082652742, 8.800437055903554]","[0.08000000000174623, 0.040000000000873115, 19.87000000011176, 8.7]"
