cpu_user_time_diff_sma_2_preds_sma_2,cpu_user_time_diff_sma_2_obs_sma_2,cpu_system_time_diff_sma_2_preds_sma_2,cpu_system_time_diff_sma_2_obs_sma_2,cpu_idle_time_diff_sma_2_preds_sma_2,cpu_idle_time_diff_sma_2_obs_sma_2,memory_sma_2_preds_sma_2,memory_sma_2_obs_sma_2
"[0.06229874784592782, 0.13465134227241893, 20.297441698193882, 8.904887721404505, 0.08396202654739836, 0.03265946328054922, 20.166653068937542, 8.825486841859261]","[0.03500000000349246, 0.05500000000029104, 19.929999999934807, 8.7, 0.029999999998835847, 0.05999999999949068, 19.93499999982305, 8.7]","[-0.008852551632881844, -0.006206544788655392, 19.882783055446254, 8.60020433410526, 0.021765704846075446, 0.0875954692546348, 19.463179418240575, 8.499567561651881]","[0.029999999998835847, 0.05999999999949068, 19.93499999982305, 8.7, 0.029999999998835847, 0.05500000000029104, 19.915000000037253, 8.7]","[0.09706960509725901, 0.047227358925325265, 20.067405806441474, 8.734922805915012, 0.028680078221085988, 0.04078304590351472, 20.48608016954363, 8.99329461002531]","[0.029999999998835847, 0.05500000000029104, 19.915000000037253, 8.7, 0.08000000000174623, 0.040000000000873115, 19.87000000011176, 8.7]","[0.08225924444067836, 0.08168490092203458, 19.79210617251654, 8.717575696577464, 0.08920891691759388, 0.0624452379383338, 19.991119131912892, 8.677795498352783]","[0.08000000000174623, 0.040000000000873115, 19.87000000011176, 8.7, 0.07499999999708962, 0.04500000000007276, 19.885000000009313, 8.7]"
