Resource,Score,RMSE,MAE,MAPE,SMAPE,Training time,Mean Inference time,Max Inference time,Min Inference time
cpu_user_time_diff_ema_1,0.988,0.689,0.498,47.35,56.39,108.64885234832764,0.08871009292313348,1.6365647315979004,0.05675315856933594
cpu_system_time_diff_ema_1,0.962,0.108,0.077,145.18,43.44,108.64885234832764,0.08871009292313348,1.6365647315979004,0.05675315856933594
cpu_idle_time_diff_ema_1,0.985,0.707,0.505,12.52,14.05,108.64885234832764,0.08871009292313348,1.6365647315979004,0.05675315856933594
memory_ema_1,0.993,0.816,0.61,1.99,2.02,108.64885234832764,0.08871009292313348,1.6365647315979004,0.05675315856933594
