Resource,Score,RMSE,MAE,MAPE,SMAPE,Training time,Mean Inference time,Max Inference time,Min Inference time
cpu_user_time_diff_ema_1,0.991,0.658,0.311,38.95,63.22,141.1866021156311,0.09024023082082634,1.4080665111541748,0.056632280349731445
cpu_system_time_diff_ema_1,0.977,0.083,0.042,17.97,16.23,141.1866021156311,0.09024023082082634,1.4080665111541748,0.056632280349731445
cpu_idle_time_diff_ema_1,0.99,0.69,0.367,9.83,11.29,141.1866021156311,0.09024023082082634,1.4080665111541748,0.056632280349731445
memory_ema_1,0.989,1.269,0.911,3.67,3.56,141.1866021156311,0.09024023082082634,1.4080665111541748,0.056632280349731445
