Resource,Score,RMSE,MAE,MAPE,SMAPE,Training time,Mean Inference time,Max Inference time,Min Inference time
cpu_user_time_diff_ema_1,0.992,0.586,0.412,10.78,11.97,98.06998801231384,0.08885362359533563,1.16743803024292,0.05573129653930664
cpu_system_time_diff_ema_1,0.968,0.081,0.051,9.67,9.48,98.06998801231384,0.08885362359533563,1.16743803024292,0.05573129653930664
cpu_idle_time_diff_ema_1,0.963,0.959,0.797,24.01,19.23,98.06998801231384,0.08885362359533563,1.16743803024292,0.05573129653930664
memory_ema_1,0.99,0.696,0.505,1.55,1.57,98.06998801231384,0.08885362359533563,1.16743803024292,0.05573129653930664
