Resource,Score,RMSE,MAE,MAPE,SMAPE,Training time,Mean Inference time,Max Inference time,Min Inference time
cpu_user_time_diff_ema_1,0.934,1.526,0.577,184.59,48.95,2567.880910873413,0.10856692022648494,2.029313325881958,0.07807207107543945
cpu_system_time_diff_ema_1,0.854,0.2,0.082,28.93,16.8,2567.880910873413,0.10856692022648494,2.029313325881958,0.07807207107543945
cpu_idle_time_diff_ema_1,0.925,1.693,0.6,12.17,12.61,2567.880910873413,0.10856692022648494,2.029313325881958,0.07807207107543945
memory_ema_1,0.947,2.516,0.969,2.95,2.91,2567.880910873413,0.10856692022648494,2.029313325881958,0.07807207107543945
