Resource,Score,RMSE,MAE,MAPE,SMAPE,Training time,Mean Inference time,Max Inference time,Min Inference time
cpu_user_time_diff_ema_1,0.912,1.896,0.743,2073.71,67.88,2326.749040365219,0.11388254248330291,1.017573356628418,0.08506321907043457
cpu_system_time_diff_ema_1,0.882,0.184,0.074,74.83,40.13,2326.749040365219,0.11388254248330291,1.017573356628418,0.08506321907043457
cpu_idle_time_diff_ema_1,0.912,2.125,0.795,17.03,14.74,2326.749040365219,0.11388254248330291,1.017573356628418,0.08506321907043457
memory_ema_1,0.953,2.384,0.763,2.35,2.31,2326.749040365219,0.11388254248330291,1.017573356628418,0.08506321907043457
