Resource,Score,RMSE,MAE,MAPE,SMAPE,Training time,Mean Inference time,Max Inference time,Min Inference time
cpu_user_time_diff_sma_2,-0.001,5380.923,173.987,69.08,21.93,0.0004918575286865234,0.19853928659716222,9.267716407775879,0.08099722862243652
cpu_system_time_diff_sma_2,-0.003,1.5850771863191938e+28,8.266287620077848e+26,81.12,47.91,0.0004918575286865234,0.20376774686151927,9.804350852966309,0.08431243896484375
cpu_idle_time_diff_sma_2,-0.001,4.199488430877539e+62,1.2145097633815829e+61,25.19,20.5,0.0004918575286865234,0.19180119093037082,9.16778016090393,0.0806570053100586
memory_sma_2,-0.003,3.461997230680939e+25,1.9047438840406177e+24,46.79,31.24,0.0004918575286865234,0.19299112262201965,9.085739135742188,0.08094334602355957
