Resource,Score,RMSE,MAE,MAPE,SMAPE,Training time,Mean Inference time,Max Inference time,Min Inference time
cpu_user_time_diff_sma_2,0.88,2.373,1.029,43.72,30.31,0.0014538764953613281,0.12338194893048966,11.146040678024292,0.0767817497253418
cpu_system_time_diff_sma_2,0.749,0.266,0.126,34.4,28.76,0.0014538764953613281,0.1616524402732509,7.443806409835815,0.07827568054199219
cpu_idle_time_diff_sma_2,0.804,3.093,1.283,29.74,16.71,0.0014538764953613281,0.1914327742554931,11.433082342147827,0.12447381019592285
memory_sma_2,0.835,2.457,0.987,5.94,5.58,0.0014538764953613281,0.1247897948689388,10.985060691833496,0.07414603233337402
