Resource,Score,RMSE,MAE,MAPE,SMAPE,Training time,Mean Inference time,Max Inference time,Min Inference time
cpu_user_time_diff_sg_5_2,-0.0,1822487.483,38783.207,316.03,40.9,0.0035254955291748047,0.134512405963122,9.96698784828186,0.0629734992980957
cpu_system_time_diff_sg_5_2,0.455,0.611,0.171,73.82,32.89,0.0035254955291748047,0.13425908763957148,10.289016962051392,0.061341047286987305
cpu_idle_time_diff_sg_5_2,-0.002,5259.022,244.169,53.43,23.35,0.0035254955291748047,0.1325005345931628,10.143129587173462,0.06035614013671875
memory_sg_5_2,0.902,3.605,0.772,3.26,2.19,0.0035254955291748047,0.13355614859667167,10.519516468048096,0.06073784828186035
