Resource,Score,RMSE,MAE,MAPE,SMAPE,Training time,Mean Inference time,Max Inference time,Min Inference time
cpu_user_time_diff_sg_5_2,0.918,2.097,0.849,75.37,34.34,0.0004215240478515625,0.14930409393321523,7.637501955032349,0.08320331573486328
cpu_system_time_diff_sg_5_2,0.825,0.217,0.113,52.2,30.53,0.0004215240478515625,0.1419241543537728,7.600334644317627,0.0811305046081543
cpu_idle_time_diff_sg_5_2,-0.005,17273320.474,1222237.689,18.88,18.8,0.0004215240478515625,0.14669623165053794,9.418545961380005,0.08538627624511719
memory_sg_5_2,0.907,2.153,0.431,1.28,1.24,0.0004215240478515625,0.14293917274859202,6.544674634933472,0.08079719543457031
