Resource,Score,RMSE,MAE,MAPE,SMAPE,Training time,Mean Inference time,Max Inference time,Min Inference time
cpu_user_time_diff_sg_5_2,0.88,2.496,0.846,75.34,34.82,0.001977682113647461,0.1548774936874113,7.573904514312744,0.08203315734863281
cpu_system_time_diff_sg_5_2,0.748,0.316,0.12,39.36,29.93,0.001977682113647461,0.14699794141140576,9.253123044967651,0.08194899559020996
cpu_idle_time_diff_sg_5_2,0.886,2.514,1.072,33.14,17.86,0.001977682113647461,0.1419611765271089,7.650646209716797,0.08257842063903809
memory_sg_5_2,0.955,2.439,0.459,1.78,1.32,0.001977682113647461,0.14729196832904332,9.229126453399658,0.08640193939208984
