Resource,Score,RMSE,MAE,MAPE,SMAPE,Training time,Mean Inference time,Max Inference time,Min Inference time
cpu_user_time_diff_sg_5_2,0.86,2.398,0.821,166.81,25.68,0.0009758472442626953,0.18077147243450883,10.84017276763916,0.08344030380249023
cpu_system_time_diff_sg_5_2,0.583,0.444,0.219,106.68,35.92,0.0009758472442626953,0.19004271982796195,15.697389125823975,0.08233857154846191
cpu_idle_time_diff_sg_5_2,-0.001,1.459743142022732e+47,4.660734749243926e+45,28.1,18.74,0.0009758472442626953,0.19701852664615296,11.816402196884155,0.08063077926635742
memory_sg_5_2,0.305,16.302,1.72,11.93,3.33,0.0009758472442626953,0.17439183418709922,13.929592609405518,0.08156609535217285
