Resource,Score,RMSE,MAE,MAPE,SMAPE,Training time,Mean Inference time,Max Inference time,Min Inference time
cpu_user_time_diff_sg_5_2,0.635,3.356,1.034,108.95,18.29,0.001209259033203125,0.20511882513538732,12.632773637771606,0.12820053100585938
cpu_system_time_diff_sg_5_2,-0.214,0.709,0.24,30.51,24.39,0.001209259033203125,0.138248377349474,8.995580673217773,0.08425498008728027
cpu_idle_time_diff_sg_5_2,-0.02,295.911,40.407,20.88,17.58,0.001209259033203125,0.20436751698542766,10.872214555740356,0.12511634826660156
memory_sg_5_2,0.951,1.395,0.329,1.67,1.61,0.001209259033203125,0.2034196713451958,12.312386274337769,0.1306288242340088
