Resource,Score,RMSE,MAE,MAPE,SMAPE,Training time,Mean Inference time,Max Inference time,Min Inference time
cpu_user_time_diff,0.918,1.678,0.777,30.15,35.87,1535.7638945579529,0.09251617006333814,0.7136633396148682,0.07720160484313965
cpu_system_time_diff,0.69,0.253,0.118,42.16,31.09,1535.7638945579529,0.09251617006333814,0.7136633396148682,0.07720160484313965
cpu_idle_time_diff,0.908,1.843,0.844,12.7,12.82,1535.7638945579529,0.09251617006333814,0.7136633396148682,0.07720160484313965
memory,0.907,0.772,0.364,3.13,3.13,1535.7638945579529,0.09251617006333814,0.7136633396148682,0.07720160484313965
