cpu_user_time_diff_ema_1_preds_ema_1,cpu_user_time_diff_ema_1_obs_ema_1,cpu_system_time_diff_ema_1_preds_ema_1,cpu_system_time_diff_ema_1_obs_ema_1,cpu_idle_time_diff_ema_1_preds_ema_1,cpu_idle_time_diff_ema_1_obs_ema_1,memory_ema_1_preds_ema_1,memory_ema_1_obs_ema_1
"[[1.067068058474275, 0.41792124184663276, 18.49693381125229, 8.807212151165254], [1.5616984966024772, 0.6899811125597266, 17.355430486064474, 8.745199364808338]]","[[ 1.21397684  0.49862902 18.00090956  8.9       ]
 [ 1.41198842  0.63931451 17.64045478  8.9       ]]","[[1.402896355804939, 0.6475735494442865, 17.778798995703884, 9.012025993648393], [0.8638710714481403, 0.44385657213394536, 18.637325051630874, 8.706873853594175]]","[[ 1.41198842  0.63931451 17.64045478  8.9       ]
 [ 1.28599421  0.59465725 18.04022739  8.9       ]]","[[-0.08726167867414136, -0.04909750267347379, 20.018321744244975, 8.704275118394985], [0.3229333957327386, 0.02800383113296273, 19.427271076284445, 8.658771088235305]]","[[ 1.28599421  0.59465725 18.04022739  8.9       ]
 [ 1.5029971   0.67232863 17.6801137   8.9       ]]","[[0.49003795366375646, 0.31072264656509985, 19.29195675332678, 8.627134085597275], [8.348034119627062, 0.9470618411227933, 9.947722753457441, 12.528433049007528]]","[[ 1.5029971   0.67232863 17.6801137   8.9       ]
 [ 1.26649855  0.71616431 18.05005685  8.9       ]]"
