cpu_user_time_diff_ema_1_preds_ema_1,cpu_user_time_diff_ema_1_obs_ema_1,cpu_system_time_diff_ema_1_preds_ema_1,cpu_system_time_diff_ema_1_obs_ema_1,cpu_idle_time_diff_ema_1_preds_ema_1,cpu_idle_time_diff_ema_1_obs_ema_1,memory_ema_1_preds_ema_1,memory_ema_1_obs_ema_1
"[[5.146044173498273, 1.0849258995923243, 13.91124758613215, 9.325793887355525]]",[[ 5.11479391  0.99093481 13.88408739  9.63498842]],"[[5.102415610215558, 1.0259444783387572, 13.732544591186326, 9.131560506010642]]",[[ 5.16739696  0.97546741 13.82704369  9.36749421]],"[[5.095720219923528, 0.9749280571731211, 13.828360415352154, 9.03721351034236]]",[[ 5.19869848  1.0127337  13.77352185  9.23374711]],"[[5.194730461840404, 0.8839156102021299, 13.890481731980076, 9.060470157313215]]",[[ 5.16934924  1.00136685 13.82676092  9.36687355]]
