cpu_user_time_diff_ema_1_preds_ema_1,cpu_user_time_diff_ema_1_obs_ema_1,cpu_system_time_diff_ema_1_preds_ema_1,cpu_system_time_diff_ema_1_obs_ema_1,cpu_idle_time_diff_ema_1_preds_ema_1,cpu_idle_time_diff_ema_1_obs_ema_1,memory_ema_1_preds_ema_1,memory_ema_1_obs_ema_1
"[[-0.02581534260868501, 0.06854288098640415, 20.12237710355794, 9.21728082204656]]",[[ 1.21397684  0.49862902 18.00090956  8.9       ]],"[[-0.3086041300134553, -0.07046482829511624, 20.330676674391448, 8.835746137789858]]",[[ 1.41198842  0.63931451 17.64045478  8.9       ]],"[[1.275195417719489, 0.552660128594623, 18.018672354752493, 8.922753560181379]]",[[ 1.28599421  0.59465725 18.04022739  8.9       ]],"[[1.883299644441554, 0.8523574396503837, 16.94217371651477, 8.673537142411543]]",[[ 1.5029971   0.67232863 17.6801137   8.9       ]]
