cpu_user_time_diff_ema_1_preds_ema_1,cpu_user_time_diff_ema_1_obs_ema_1,cpu_system_time_diff_ema_1_preds_ema_1,cpu_system_time_diff_ema_1_obs_ema_1,cpu_idle_time_diff_ema_1_preds_ema_1,cpu_idle_time_diff_ema_1_obs_ema_1,memory_ema_1_preds_ema_1,memory_ema_1_obs_ema_1
"[[5.158393726839149, 1.0264691696154098, 13.74670620763579, 9.01875547985302], [5.148743099953707, 0.9557650532337214, 13.84113317616105, 8.947486136033982]]","[[ 5.11479391  0.99093481 13.88408739  9.63498842]
 [ 5.16739696  0.97546741 13.82704369  9.36749421]]","[[5.208001221052472, 0.9659371718505713, 13.810028704183969, 8.787237409981882], [5.221482049215212, 1.0025436322201344, 13.704540790496884, 9.143815461246746]]","[[ 5.16739696  0.97546741 13.82704369  9.36749421]
 [ 5.19869848  1.0127337  13.77352185  9.23374711]]","[[5.125429101734558, 1.0534350667096415, 13.699046090920518, 9.206198145461855], [5.209578818560631, 1.0054799391389821, 13.803870437489854, 9.311272393114521]]","[[ 5.19869848  1.0127337  13.77352185  9.23374711]
 [ 5.16934924  1.00136685 13.82676092  9.36687355]]","[[5.128389367844713, 0.9604700362391847, 13.874670894503243, 9.238204387098936], [5.163924511379825, 0.9906405156016996, 13.711884630291193, 9.458076840386111]]","[[ 5.16934924  1.00136685 13.82676092  9.36687355]
 [ 5.21467462  1.04068343 13.72838046  9.23343678]]"
