Resource,Score,RMSE,MAE,MAPE,SMAPE,Training time,Mean Inference time,Max Inference time,Min Inference time
cpu_user_time_diff_sma_2,0.983,0.804,0.528,65.37,37.31,140.58926129341125,0.07931538524256893,0.8703188896179199,0.05861186981201172
cpu_system_time_diff_sma_2,0.681,0.237,0.191,128.56,84.69,140.58926129341125,0.07931538524256893,0.8703188896179199,0.05861186981201172
cpu_idle_time_diff_sma_2,0.979,0.897,0.61,12.25,14.89,140.58926129341125,0.07931538524256893,0.8703188896179199,0.05861186981201172
memory_sma_2,0.942,1.183,0.815,3.39,3.3,140.58926129341125,0.07931538524256893,0.8703188896179199,0.05861186981201172
