Resource,Score,RMSE,MAE,MAPE,SMAPE,Training time,Mean Inference time,Max Inference time,Min Inference time
cpu_user_time_diff_sma_2,0.943,0.912,0.434,10.99,12.59,295.99913811683655,0.08853996231291907,1.1173462867736816,0.06113600730895996
cpu_system_time_diff_sma_2,0.784,0.162,0.094,16.16,16.86,295.99913811683655,0.08853996231291907,1.1173462867736816,0.06113600730895996
cpu_idle_time_diff_sma_2,0.936,1.017,0.527,9.29,7.41,295.99913811683655,0.08853996231291907,1.1173462867736816,0.06113600730895996
memory_sma_2,0.977,0.92,0.416,2.07,2.07,295.99913811683655,0.08853996231291907,1.1173462867736816,0.06113600730895996
