Resource,Score,RMSE,MAE,MAPE,SMAPE,Training time,Mean Inference time,Max Inference time,Min Inference time
cpu_user_time_diff_sma_2,0.93,1.527,0.701,28.03,24.83,1639.2628536224365,0.10426990551932047,1.5280709266662598,0.07800126075744629
cpu_system_time_diff_sma_2,0.91,0.144,0.059,23.79,17.82,1639.2628536224365,0.10426990551932047,1.5280709266662598,0.07800126075744629
cpu_idle_time_diff_sma_2,0.946,1.437,0.521,15.25,15.42,1639.2628536224365,0.10426990551932047,1.5280709266662598,0.07800126075744629
memory_sma_2,0.974,0.877,0.351,2.0,2.03,1639.2628536224365,0.10426990551932047,1.5280709266662598,0.07800126075744629
