Resource,Score,RMSE,MAE,MAPE,SMAPE,Training time,Mean Inference time,Max Inference time,Min Inference time
cpu_user_time_diff_sg_5_2,-0.0,5.614612300805144e+49,1.1046984039410687e+48,340.8,30.84,0.0007350444793701172,0.2637227156102488,12.241301774978638,0.08375930786132812
cpu_system_time_diff_sg_5_2,0.561,0.346,0.154,104.46,33.84,0.0007350444793701172,0.25932504593261907,12.08311915397644,0.08232426643371582
cpu_idle_time_diff_sg_5_2,0.776,3.443,1.344,47.29,19.26,0.0007350444793701172,0.2611842969459632,12.573671817779541,0.08341431617736816
memory_sg_5_2,0.634,1.275,0.362,4.89,3.14,0.0007350444793701172,0.2610650254479903,11.282192945480347,0.08331012725830078
