Resource,Score,RMSE,MAE,MAPE,SMAPE,Training time,Mean Inference time,Max Inference time,Min Inference time
cpu_user_time_diff,0.89,2.181,0.968,40.71,44.48,2360.9622111320496,0.11155879373575536,1.4649689197540283,0.08543157577514648
cpu_system_time_diff,0.629,0.264,0.132,40.53,28.76,2360.9622111320496,0.11155879373575536,1.4649689197540283,0.08543157577514648
cpu_idle_time_diff,0.877,2.337,1.116,20.99,18.87,2360.9622111320496,0.11155879373575536,1.4649689197540283,0.08543157577514648
memory,0.851,1.337,0.406,2.25,2.22,2360.9622111320496,0.11155879373575536,1.4649689197540283,0.08543157577514648
