Resource,Score,RMSE,MAE,MAPE,SMAPE,Training time,Mean Inference time,Max Inference time,Min Inference time
cpu_user_time_diff,0.898,1.942,1.033,208.75,50.38,2367.8100674152374,0.10997221955975282,2.3051233291625977,0.09650206565856934
cpu_system_time_diff,0.856,0.18,0.076,32.19,19.58,2367.8100674152374,0.10997221955975282,2.3051233291625977,0.09650206565856934
cpu_idle_time_diff,0.909,1.926,0.682,18.46,17.42,2367.8100674152374,0.10997221955975282,2.3051233291625977,0.09650206565856934
memory,0.959,1.08,0.394,2.13,2.13,2367.8100674152374,0.10997221955975282,2.3051233291625977,0.09650206565856934
