cpu_user_time_diff_ema_1_preds_ema_1,cpu_user_time_diff_ema_1_obs_ema_1,cpu_system_time_diff_ema_1_preds_ema_1,cpu_system_time_diff_ema_1_obs_ema_1,cpu_idle_time_diff_ema_1_preds_ema_1,cpu_idle_time_diff_ema_1_obs_ema_1,memory_ema_1_preds_ema_1,memory_ema_1_obs_ema_1
"[[1.5240202183110947, 0.6308558200519778, 17.895106213670843, 15.566599336496203], [1.401692024757616, 0.5799762486638602, 17.342938455730653, 14.993704154279646]]","[[ 1.4378609   0.55602181 17.58374983 16.00000416]
 [ 1.25893045  0.4230109  17.86187492 16.00000208]]","[[1.5318417574230174, 0.5884083360493314, 17.55778756248469, 14.414750464371187], [1.1508335065268627, 0.5720019206474207, 18.017004260124597, 13.68906988601987]]","[[ 1.25893045  0.4230109  17.86187492 16.00000208]
 [ 1.42946522  0.49650545 17.55093746 16.00000104]]","[[1.3555851973834332, 0.5634775658995377, 17.90654327184935, 14.585879956013464], [1.2198225375818335, 0.4896726502305203, 17.785048642268503, 15.226154881915035]]","[[ 1.42946522  0.49650545 17.55093746 16.00000104]
 [ 1.32973261  0.51825273 17.88046873 16.00000052]]","[[1.4434452613570106, 0.6725236240953485, 17.51092762009094, 14.501575832272092], [1.1452712063078754, 0.569868454248704, 17.988792481326847, 15.229762572896188]]","[[ 1.32973261  0.51825273 17.88046873 16.00000052]
 [ 1.49986631  0.65412636 17.57523436 16.00000026]]"
