cpu_user_time_diff_ema_1_preds_ema_1,cpu_user_time_diff_ema_1_obs_ema_1,cpu_system_time_diff_ema_1_preds_ema_1,cpu_system_time_diff_ema_1_obs_ema_1,cpu_idle_time_diff_ema_1_preds_ema_1,cpu_idle_time_diff_ema_1_obs_ema_1,memory_ema_1_preds_ema_1,memory_ema_1_obs_ema_1
"[[1.3470666014996306, 0.5718939217195098, 17.47918611207127, 15.314259517120474]]",[[ 1.4378609   0.55602181 17.58374983 16.00000416]],"[[1.130884698002442, 0.5673189344856506, 18.051519235372947, 14.343690126617325]]",[[ 1.25893045  0.4230109  17.86187492 16.00000208]],"[[1.1873999864395313, 0.45509678137678944, 17.786203366129598, 14.210581552491034]]",[[ 1.42946522  0.49650545 17.55093746 16.00000104]],"[[1.665105732942132, 0.7944750754353896, 17.618410443359632, 13.898200457098488]]",[[ 1.32973261  0.51825273 17.88046873 16.00000052]]
