Resource,Score,RMSE,MAE,MAPE,SMAPE,Training time,Mean Inference time,Max Inference time,Min Inference time
cpu_user_time_diff_sg_5_2,0.902,1.623,0.595,46.75,40.08,2054.141011238098,0.1789644135743859,1.6146862506866455,0.10922074317932129
cpu_system_time_diff_sg_5_2,0.746,0.197,0.108,28.96,26.18,2054.141011238098,0.1789644135743859,1.6146862506866455,0.10922074317932129
cpu_idle_time_diff_sg_5_2,0.873,1.75,0.794,11.29,12.33,2054.141011238098,0.1789644135743859,1.6146862506866455,0.10922074317932129
memory_sg_5_2,0.884,2.449,0.767,2.43,2.36,2054.141011238098,0.1789644135743859,1.6146862506866455,0.10922074317932129
