Resource,Score,RMSE,MAE,MAPE,SMAPE,Training time,Mean Inference time,Max Inference time,Min Inference time
cpu_user_time_diff_sg_5_2,0.955,1.335,0.446,89.25,49.32,2811.927514076233,0.10887135175380598,0.8554592132568359,0.07601332664489746
cpu_system_time_diff_sg_5_2,0.844,0.161,0.073,33.54,22.49,2811.927514076233,0.10887135175380598,0.8554592132568359,0.07601332664489746
cpu_idle_time_diff_sg_5_2,0.948,1.414,0.529,10.49,7.59,2811.927514076233,0.10887135175380598,0.8554592132568359,0.07601332664489746
memory_sg_5_2,0.915,2.2,1.117,3.34,3.28,2811.927514076233,0.10887135175380598,0.8554592132568359,0.07601332664489746
