Resource,Score,RMSE,MAE,MAPE,SMAPE,Training time,Mean Inference time,Max Inference time,Min Inference time
cpu_user_time_diff_sg_5_2,0.967,0.958,0.322,37.43,21.08,638.3364768028259,0.21273097235403876,3.9943301677703857,0.11634469032287598
cpu_system_time_diff_sg_5_2,0.826,0.165,0.104,27.13,29.86,638.3364768028259,0.21273097235403876,3.9943301677703857,0.11634469032287598
cpu_idle_time_diff_sg_5_2,0.941,1.243,0.845,9.12,8.79,638.3364768028259,0.21273097235403876,3.9943301677703857,0.11634469032287598
memory_sg_5_2,0.951,1.496,0.8,2.59,2.59,638.3364768028259,0.21273097235403876,3.9943301677703857,0.11634469032287598
