Resource,Score,RMSE,MAE,MAPE,SMAPE,Training time,Mean Inference time,Max Inference time,Min Inference time
cpu_user_time_diff_sg_5_2,0.965,1.04,0.836,39.62,56.96,168.32187414169312,0.10791345156237037,1.446289300918579,0.05301952362060547
cpu_system_time_diff_sg_5_2,0.888,0.135,0.093,25.66,31.22,168.32187414169312,0.10791345156237037,1.446289300918579,0.05301952362060547
cpu_idle_time_diff_sg_5_2,0.958,1.089,0.874,15.49,10.32,168.32187414169312,0.10791345156237037,1.446289300918579,0.05301952362060547
memory_sg_5_2,0.974,1.146,0.8,2.76,2.78,168.32187414169312,0.10791345156237037,1.446289300918579,0.05301952362060547
