Resource,Score,RMSE,MAE,MAPE,SMAPE,Training time,Mean Inference time,Max Inference time,Min Inference time
cpu_user_time_diff_ema_1,0.864,4.204,2.534,53.86,64.54,0,0.06349737011026137,0.3665344715118408,0.04834771156311035
cpu_system_time_diff_ema_1,0.136,10.069,6.427,173.19,98.94,0,0.06349737011026137,0.3665344715118408,0.04834771156311035
cpu_idle_time_diff_ema_1,0.456,13.3,10.059,88.3,122.1,0,0.06349737011026137,0.3665344715118408,0.04834771156311035
memory_ema_1,0.468,13.866,10.118,81.16,118.34,0,0.06349737011026137,0.3665344715118408,0.04834771156311035
