Resource,Score,RMSE,MAE,MAPE,SMAPE,Training time,Mean Inference time,Max Inference time,Min Inference time
cpu_user_time_diff_ema_1,0.33,9.315,7.489,112.03,115.57,46852.92918968201,0.07170085070284299,0.35300660133361816,0.04341244697570801
cpu_system_time_diff_ema_1,0.955,2.537,1.562,17.76,18.83,46852.92918968201,0.07170085070284299,0.35300660133361816,0.04341244697570801
cpu_idle_time_diff_ema_1,0.901,3.672,2.336,68.46,41.2,46852.92918968201,0.07170085070284299,0.35300660133361816,0.04341244697570801
memory_ema_1,0.534,12.055,9.707,242.68,117.87,46852.92918968201,0.07170085070284299,0.35300660133361816,0.04341244697570801
