Resource,Score,RMSE,MAE,MAPE,SMAPE,Training time,Mean Inference time,Max Inference time,Min Inference time
cpu_user_time_diff_ema_1,0.996,0.691,0.323,2.9,2.95,0,0.06782024881991874,0.13250350952148438,0.035552024841308594
cpu_system_time_diff_ema_1,0.998,0.439,0.208,1.51,1.52,0,0.06782024881991874,0.13250350952148438,0.035552024841308594
cpu_idle_time_diff_ema_1,0.989,1.134,0.53,2.58,2.51,0,0.06782024881991874,0.13250350952148438,0.035552024841308594
memory_ema_1,0.998,0.474,0.215,1.76,1.77,0,0.06782024881991874,0.13250350952148438,0.035552024841308594
