Resource,Score,RMSE,MAE,MAPE,SMAPE,Training time,Mean Inference time,Max Inference time,Min Inference time
cpu_user_time_diff_ema_1,0.988,2.286,1.822,21.29,19.96,0,0.06264512436693252,0.3146829605102539,0.02938103675842285
cpu_system_time_diff_ema_1,0.986,2.458,1.805,16.03,15.33,0,0.06264512436693252,0.3146829605102539,0.02938103675842285
cpu_idle_time_diff_ema_1,0.993,1.612,1.249,15.2,14.52,0,0.06264512436693252,0.3146829605102539,0.02938103675842285
memory_ema_1,0.989,2.101,1.679,19.46,18.09,0,0.06264512436693252,0.3146829605102539,0.02938103675842285
