Resource,Score,RMSE,MAE,MAPE,SMAPE,Training time,Mean Inference time,Max Inference time,Min Inference time
cpu_user_time_diff_sma_2,0.344,8.305,1.653,109.69,35.11,0.00045418739318847656,0.1494673575012762,7.980902671813965,0.08329200744628906
cpu_system_time_diff_sma_2,-0.015,12.298,1.599,121.94,33.38,0.00045418739318847656,0.14876675751443702,6.769792556762695,0.08417510986328125
cpu_idle_time_diff_sma_2,-0.004,135.529,9.133,40.39,23.54,0.00045418739318847656,0.1465408133151135,9.341963052749634,0.08413910865783691
memory_sma_2,0.754,5.446,1.448,4.12,4.01,0.00045418739318847656,0.14750405487964866,7.205019235610962,0.0826878547668457
