Resource,Score,RMSE,MAE,MAPE,SMAPE,Training time,Mean Inference time,Max Inference time,Min Inference time
cpu_user_time_diff_sma_2,0.026,52.122,3.641,133.83,43.53,0.0014805793762207031,0.1338725884320549,7.4365599155426025,0.08153796195983887
cpu_system_time_diff_sma_2,-0.002,202513260851.72,8186221214.357,56.06,31.76,0.0014805793762207031,0.1368106579485302,7.823306560516357,0.08555984497070312
cpu_idle_time_diff_sma_2,-0.003,258096825494.55,13510287841.167,51.16,24.41,0.0014805793762207031,0.1330292429071143,9.651156663894653,0.08397603034973145
memory_sma_2,-0.006,8.271402683064452e+35,6.502449509419085e+34,28.2,29.89,0.0014805793762207031,0.12967814056348692,9.26493501663208,0.08070492744445801
