Resource,Score,RMSE,MAE,MAPE,SMAPE,Training time,Mean Inference time,Max Inference time,Min Inference time
cpu_user_time_diff_sma_2,-0.008,6793953.691,590658.755,121.84,31.05,0.0003497600555419922,0.06760780700196573,3.994309425354004,0.06111717224121094
cpu_system_time_diff_sma_2,-0.001,13003.109,396.954,47.05,27.45,0.0003497600555419922,0.07096521990460002,4.124772071838379,0.061818599700927734
cpu_idle_time_diff_sma_2,-0.001,162793.462,3950.228,51.22,24.35,0.0003497600555419922,0.07032011059568115,4.0926923751831055,0.061187744140625
memory_sma_2,-0.012,3255.493,364.654,14.0,10.96,0.0003497600555419922,0.07027735126542049,4.879702091217041,0.06287384033203125
