Resource,Score,RMSE,MAE,MAPE,SMAPE,Training time,Mean Inference time,Max Inference time,Min Inference time
cpu_user_time_diff_sg_5_2,0.0,7.005,5.531,99.79,103.84,605.2279818058014,0.09743233933299986,1.9991168975830078,0.06117820739746094
cpu_system_time_diff_sg_5_2,0.0,0.482,0.403,67.75,90.2,605.2279818058014,0.09743233933299986,1.9991168975830078,0.06117820739746094
cpu_idle_time_diff_sg_5_2,0.0,6.997,6.227,51.61,62.11,605.2279818058014,0.09743233933299986,1.9991168975830078,0.06117820739746094
memory_sg_5_2,0.0,6.979,5.098,16.04,15.6,605.2279818058014,0.09743233933299986,1.9991168975830078,0.06117820739746094
