Resource,Score,RMSE,MAE,MAPE,SMAPE,Training time,Mean Inference time,Max Inference time,Min Inference time
cpu_user_time_diff_sg_5_2,0.983,0.816,0.353,39.25,18.69,415.1091797351837,0.13039692335006467,3.6154115200042725,0.0561676025390625
cpu_system_time_diff_sg_5_2,0.935,0.145,0.085,155.52,40.98,415.1091797351837,0.13039692335006467,3.6154115200042725,0.0561676025390625
cpu_idle_time_diff_sg_5_2,0.973,1.001,0.715,33.39,17.47,415.1091797351837,0.13039692335006467,3.6154115200042725,0.0561676025390625
memory_sg_5_2,0.982,1.517,0.983,2.59,2.64,415.1091797351837,0.13039692335006467,3.6154115200042725,0.0561676025390625
