Resource,Score,RMSE,MAE,MAPE,SMAPE,Training time,Mean Inference time,Max Inference time,Min Inference time
cpu_user_time_diff_sg_5_2,0.925,1.753,0.878,21.86,16.84,2310.77618765831,0.11124581993245782,0.8467319011688232,0.08343148231506348
cpu_system_time_diff_sg_5_2,0.847,0.173,0.096,23.71,20.48,2310.77618765831,0.11124581993245782,0.8467319011688232,0.08343148231506348
cpu_idle_time_diff_sg_5_2,0.92,1.444,0.646,22.28,24.41,2310.77618765831,0.11124581993245782,0.8467319011688232,0.08343148231506348
memory_sg_5_2,0.922,1.939,0.788,2.36,2.3,2310.77618765831,0.11124581993245782,0.8467319011688232,0.08343148231506348
