Resource,Score,RMSE,MAE,MAPE,SMAPE,Training time,Mean Inference time,Max Inference time,Min Inference time
cpu_user_time_diff_sg_5_2,0.918,2.047,0.669,95.12,82.69,2303.7536861896515,0.11069705976099127,1.107300043106079,0.08325052261352539
cpu_system_time_diff_sg_5_2,0.875,0.194,0.065,39.33,28.0,2303.7536861896515,0.11069705976099127,1.107300043106079,0.08325052261352539
cpu_idle_time_diff_sg_5_2,0.901,2.181,0.742,18.33,14.41,2303.7536861896515,0.11069705976099127,1.107300043106079,0.08325052261352539
memory_sg_5_2,0.947,2.599,0.868,2.7,2.67,2303.7536861896515,0.11069705976099127,1.107300043106079,0.08325052261352539
