Resource,Score,RMSE,MAE,MAPE,SMAPE,Training time,Mean Inference time,Max Inference time,Min Inference time
cpu_user_time_diff_sg_5_2,0.992,0.631,0.383,68.87,81.79,102.17280983924866,0.09099679041888661,1.1011757850646973,0.057755231857299805
cpu_system_time_diff_sg_5_2,0.966,0.101,0.065,597.66,72.91,102.17280983924866,0.09099679041888661,1.1011757850646973,0.057755231857299805
cpu_idle_time_diff_sg_5_2,0.995,0.502,0.191,8.22,7.43,102.17280983924866,0.09099679041888661,1.1011757850646973,0.057755231857299805
memory_sg_5_2,0.992,1.056,0.937,3.17,3.17,102.17280983924866,0.09099679041888661,1.1011757850646973,0.057755231857299805
