Resource,Score,RMSE,MAE,MAPE,SMAPE,Training time,Mean Inference time,Max Inference time,Min Inference time
cpu_user_time_diff_sg_5_2,0.958,1.319,0.396,42.64,30.29,1963.081140756607,0.13646847910160642,2.987809896469116,0.08045053482055664
cpu_system_time_diff_sg_5_2,0.928,0.153,0.065,24.51,16.68,1963.081140756607,0.13646847910160642,2.987809896469116,0.08045053482055664
cpu_idle_time_diff_sg_5_2,0.946,1.27,0.537,21.74,15.06,1963.081140756607,0.13646847910160642,2.987809896469116,0.08045053482055664
memory_sg_5_2,0.953,2.031,1.07,2.8,2.75,1963.081140756607,0.13646847910160642,2.987809896469116,0.08045053482055664
