Resource,Score,RMSE,MAE,MAPE,SMAPE,Training time,Mean Inference time,Max Inference time,Min Inference time
cpu_user_time_diff_sg_5_2,0.942,1.458,0.646,110.9,36.44,1635.1969194412231,0.10281357131614817,1.172180414199829,0.08339691162109375
cpu_system_time_diff_sg_5_2,0.91,0.146,0.062,28.52,16.57,1635.1969194412231,0.10281357131614817,1.172180414199829,0.08339691162109375
cpu_idle_time_diff_sg_5_2,0.95,1.488,0.582,15.38,11.32,1635.1969194412231,0.10281357131614817,1.172180414199829,0.08339691162109375
memory_sg_5_2,0.969,0.985,0.506,2.78,2.83,1635.1969194412231,0.10281357131614817,1.172180414199829,0.08339691162109375
