Resource,Score,RMSE,MAE,MAPE,SMAPE,Training time,Mean Inference time,Max Inference time,Min Inference time
cpu_user_time_diff_sg_5_2,0.989,0.745,0.283,512.01,35.67,142.25045466423035,0.08710972354087261,1.4637022018432617,0.05769824981689453
cpu_system_time_diff_sg_5_2,0.89,0.173,0.122,28.67,33.56,142.25045466423035,0.08710972354087261,1.4637022018432617,0.05769824981689453
cpu_idle_time_diff_sg_5_2,0.986,0.842,0.459,13.2,11.33,142.25045466423035,0.08710972354087261,1.4637022018432617,0.05769824981689453
memory_sg_5_2,0.976,0.539,0.404,2.49,2.5,142.25045466423035,0.08710972354087261,1.4637022018432617,0.05769824981689453
