Resource,Score,RMSE,MAE,MAPE,SMAPE,Training time,Mean Inference time,Max Inference time,Min Inference time
cpu_user_time_diff_sg_5_2,0.937,1.027,0.328,9.12,10.57,1541.504340171814,0.10153973678244715,0.9873578548431396,0.07094907760620117
cpu_system_time_diff_sg_5_2,0.767,0.18,0.093,16.36,14.99,1541.504340171814,0.10153973678244715,0.9873578548431396,0.07094907760620117
cpu_idle_time_diff_sg_5_2,0.916,1.178,0.4,7.8,6.06,1541.504340171814,0.10153973678244715,0.9873578548431396,0.07094907760620117
memory_sg_5_2,0.958,1.289,0.457,2.2,2.21,1541.504340171814,0.10153973678244715,0.9873578548431396,0.07094907760620117
