Resource,Score,RMSE,MAE,MAPE,SMAPE,Training time,Mean Inference time,Max Inference time,Min Inference time
cpu_user_time_diff_sg_5_2,0.968,1.098,0.549,39.84,19.1,271.3627655506134,0.09032637332025813,1.2134230136871338,0.07787275314331055
cpu_system_time_diff_sg_5_2,0.944,0.115,0.052,18.17,15.88,271.3627655506134,0.09032637332025813,1.2134230136871338,0.07787275314331055
cpu_idle_time_diff_sg_5_2,0.968,1.17,0.615,13.74,14.04,271.3627655506134,0.09032637332025813,1.2134230136871338,0.07787275314331055
memory_sg_5_2,0.979,0.789,0.54,3.12,3.19,271.3627655506134,0.09032637332025813,1.2134230136871338,0.07787275314331055
