Resource,Score,RMSE,MAE,MAPE,SMAPE,Training time,Mean Inference time,Max Inference time,Min Inference time
cpu_user_time_diff,0.953,0.938,0.257,17.24,9.81,0.0008015632629394531,0.08381360649308506,4.939751148223877,0.08151364326477051
cpu_system_time_diff,0.713,0.2,0.122,23.05,20.62,0.0008015632629394531,0.08386650014842222,5.0364391803741455,0.08148384094238281
cpu_idle_time_diff,0.91,1.331,0.409,6.63,4.76,0.0008015632629394531,0.08380376792214532,4.96995735168457,0.08158516883850098
memory,0.952,0.525,0.189,1.77,1.81,0.0008015632629394531,0.08276454866994998,4.903580665588379,0.07997918128967285
