bin_edges,hist_data,kde_values
10701843263.0,8622,2.409281788258626e-10
10982976132.68,8598,3.909800796934607e-10
11264109002.36,10958,4.2973666331506224e-10
11545241872.04,6381,3.4857186995224074e-10
11826374741.72,0,1.9122168227408807e-10
12107507611.4,0,6.066132283649398e-11
12388640481.08,0,9.988589830449251e-12
12669773350.76,0,8.063352670716705e-13
12950906220.44,0,3.097134539940434e-14
13232039090.119999,0,5.567130180438021e-16
13513171959.8,0,4.637793317189707e-18
13794304829.48,0,1.7800569242952223e-20
14075437699.16,0,3.1573815782786236e-23
14356570568.84,0,2.1838193922339376e-22
14637703438.52,0,1.0345546202357944e-19
14918836308.2,0,2.2616224549257467e-17
15199969177.880001,0,2.282551154473424e-15
15481102047.560001,0,1.0651050783779828e-13
15762234917.24,0,2.3060566438901985e-12
16043367786.92,0,2.3369241853119097e-11
16324500656.6,0,1.1339374968991204e-10
16605633526.279999,12983,2.797479060331373e-10
16886766395.96,6147,4.025992713456298e-10
17167899265.64,10377,4.092527884874937e-10
17449032135.32,5055,3.1394661009593815e-10
