Resource,Score,RMSE,MAE,MAPE,SMAPE,Training time,Mean Inference time,Max Inference time,Min Inference time
cpu_user_time_diff_ema_1,0.127,10.727,0.949,53.01,10.23,0.0004489421844482422,0.23901673786969643,12.606717348098755,0.08255743980407715
cpu_system_time_diff_ema_1,0.702,0.224,0.111,60.86,16.09,0.0004489421844482422,0.24166022243204852,14.955724716186523,0.08039164543151855
cpu_idle_time_diff_ema_1,0.753,2.183,0.64,10.8,7.85,0.0004489421844482422,0.23995216472753586,13.200904607772827,0.07598018646240234
memory_ema_1,0.91,1.908,0.594,2.83,2.81,0.0004489421844482422,0.23740370508734504,12.141798973083496,0.08163237571716309
