Resource,Score,RMSE,MAE,MAPE,SMAPE,Training time,Mean Inference time,Max Inference time,Min Inference time
cpu_user_time_diff_ema_1,0.966,1.151,0.385,16.96,14.29,0.0012636184692382812,0.2118328337903748,10.755313158035278,0.13591957092285156
cpu_system_time_diff_ema_1,0.881,0.178,0.084,21.38,14.85,0.0012636184692382812,0.19806072539932326,11.86559009552002,0.13223838806152344
cpu_idle_time_diff_ema_1,0.966,1.157,0.364,9.16,7.06,0.0012636184692382812,0.1391913150706213,12.100200414657593,0.08228564262390137
memory_ema_1,0.95,1.285,0.429,1.91,1.93,0.0012636184692382812,0.17762347750020938,7.21342921257019,0.08061885833740234
