Resource,Score,RMSE,MAE,MAPE,SMAPE,Training time,Mean Inference time,Max Inference time,Min Inference time
cpu_user_time_diff,0.947,1.432,0.428,63.36,15.33,0.00039696693420410156,0.14127602458942887,5.483962059020996,0.08575558662414551
cpu_system_time_diff,0.76,0.281,0.144,129.58,26.43,0.00039696693420410156,0.14479834488362053,7.984360456466675,0.08130979537963867
cpu_idle_time_diff,0.946,1.496,0.453,23.91,10.66,0.00039696693420410156,0.14111666257736238,10.181517601013184,0.08138561248779297
memory,0.96,2.227,0.528,1.4,1.41,0.00039696693420410156,0.14229009079470384,7.610935211181641,0.08153748512268066
