Resource,Score,RMSE,MAE,MAPE,SMAPE,Training time,Mean Inference time,Max Inference time,Min Inference time
cpu_user_time_diff,0.933,1.673,0.505,117.47,15.85,0.0003559589385986328,0.13186157788088354,5.466787815093994,0.07148957252502441
cpu_system_time_diff,0.879,0.203,0.097,38.44,23.29,0.0003559589385986328,0.13420190763802933,5.50814151763916,0.07346987724304199
cpu_idle_time_diff,0.909,1.772,0.754,36.15,19.47,0.0003559589385986328,0.13417464560589437,5.6726391315460205,0.07733845710754395
memory,0.955,2.038,0.476,1.32,1.32,0.0003559589385986328,0.13254412212588695,5.500226020812988,0.07860827445983887
