Resource,Score,RMSE,MAE,MAPE,SMAPE,Training time,Mean Inference time,Max Inference time,Min Inference time
cpu_user_time_diff_sma_2,0.992,0.621,0.304,335.06,24.7,90.44650650024414,0.0852275366358498,1.6489589214324951,0.0733950138092041
cpu_system_time_diff_sma_2,0.93,0.116,0.083,785.58,62.11,90.44650650024414,0.0852275366358498,1.6489589214324951,0.0733950138092041
cpu_idle_time_diff_sma_2,0.989,0.71,0.365,6.85,6.92,90.44650650024414,0.0852275366358498,1.6489589214324951,0.0733950138092041
memory_sma_2,0.984,0.794,0.597,1.91,1.91,90.44650650024414,0.0852275366358498,1.6489589214324951,0.0733950138092041
