Resource,Score,RMSE,MAE,MAPE,SMAPE,Training time,Mean Inference time,Max Inference time,Min Inference time
cpu_user_time_diff_sma_2,0.915,1.952,0.625,437.56,71.18,2314.8644194602966,0.10966877537802894,1.0944154262542725,0.08576202392578125
cpu_system_time_diff_sma_2,0.884,0.192,0.063,58.13,28.51,2314.8644194602966,0.10966877537802894,1.0944154262542725,0.08576202392578125
cpu_idle_time_diff_sma_2,0.897,2.407,1.163,19.85,16.92,2314.8644194602966,0.10966877537802894,1.0944154262542725,0.08576202392578125
memory_sma_2,0.949,2.5,0.755,2.4,2.36,2314.8644194602966,0.10966877537802894,1.0944154262542725,0.08576202392578125
