Resource,Score,RMSE,MAE,MAPE,SMAPE,Training time,Mean Inference time,Max Inference time,Min Inference time
cpu_user_time_diff_sma_2,0.943,1.595,0.502,64.06,46.7,3485.582261323929,0.13571817844545062,1.1638078689575195,0.07886576652526855
cpu_system_time_diff_sma_2,0.885,0.179,0.067,46.09,27.91,3485.582261323929,0.13571817844545062,1.1638078689575195,0.07886576652526855
cpu_idle_time_diff_sma_2,0.938,1.75,0.506,14.68,12.46,3485.582261323929,0.13571817844545062,1.1638078689575195,0.07886576652526855
memory_sma_2,0.955,2.193,0.86,2.34,2.3,3485.582261323929,0.13571817844545062,1.1638078689575195,0.07886576652526855
