Resource,Score,RMSE,MAE,MAPE,SMAPE,Training time,Mean Inference time,Max Inference time,Min Inference time
cpu_user_time_diff_sma_2,0.97,1.176,0.446,122.74,82.36,642.1366374492645,0.11287030424098808,1.6710851192474365,0.060681819915771484
cpu_system_time_diff_sma_2,0.945,0.132,0.059,34.74,33.27,642.1366374492645,0.11287030424098808,1.6710851192474365,0.060681819915771484
cpu_idle_time_diff_sma_2,0.968,1.26,0.421,11.62,11.54,642.1366374492645,0.11287030424098808,1.6710851192474365,0.060681819915771484
memory_sma_2,0.974,1.693,1.062,3.39,3.44,642.1366374492645,0.11287030424098808,1.6710851192474365,0.060681819915771484
