Resource,Score,RMSE,MAE,MAPE,SMAPE,Training time,Mean Inference time,Max Inference time,Min Inference time
cpu_user_time_diff_sma_2,0.896,2.03,1.062,129.08,56.92,1083.283852815628,0.07321761921409693,1.0184526443481445,0.06102156639099121
cpu_system_time_diff_sma_2,0.701,0.283,0.155,229.09,47.16,1083.283852815628,0.07321761921409693,1.0184526443481445,0.06102156639099121
cpu_idle_time_diff_sma_2,0.905,1.781,0.922,65.21,23.83,1083.283852815628,0.07321761921409693,1.0184526443481445,0.06102156639099121
memory_sma_2,0.92,2.657,1.442,4.03,4.06,1083.283852815628,0.07321761921409693,1.0184526443481445,0.06102156639099121
