Resource,Score,RMSE,MAE,MAPE,SMAPE,Training time,Mean Inference time,Max Inference time,Min Inference time
cpu_user_time_diff_sma_2,0.995,0.498,0.238,529.17,80.49,98.76515698432922,0.08945281008098425,1.3689863681793213,0.05510544776916504
cpu_system_time_diff_sma_2,0.966,0.099,0.07,36.56,49.82,98.76515698432922,0.08945281008098425,1.3689863681793213,0.05510544776916504
cpu_idle_time_diff_sma_2,0.995,0.488,0.201,6.65,6.92,98.76515698432922,0.08945281008098425,1.3689863681793213,0.05510544776916504
memory_sma_2,0.994,0.903,0.708,2.39,2.4,98.76515698432922,0.08945281008098425,1.3689863681793213,0.05510544776916504
