Resource,Score,RMSE,MAE,MAPE,SMAPE,Training time,Mean Inference time,Max Inference time,Min Inference time
cpu_user_time_diff_ema_1,0.945,1.203,0.428,276.52,38.51,3539.434394836426,0.1268508572523667,1.935060739517212,0.07924079895019531
cpu_system_time_diff_ema_1,0.769,0.166,0.09,25.45,19.13,3539.434394836426,0.1268508572523667,1.935060739517212,0.07924079895019531
cpu_idle_time_diff_ema_1,0.935,1.297,0.535,8.96,9.78,3539.434394836426,0.1268508572523667,1.935060739517212,0.07924079895019531
memory_ema_1,0.914,1.961,0.866,2.61,2.54,3539.434394836426,0.1268508572523667,1.935060739517212,0.07924079895019531
