Resource,Score,RMSE,MAE,MAPE,SMAPE,Training time,Mean Inference time,Max Inference time,Min Inference time
cpu_user_time_diff_ema_1,0.306,7.682,3.566,247.89,66.08,1368.4336576461792,0.1020443025920633,1.4722754955291748,0.06432628631591797
cpu_system_time_diff_ema_1,-0.176,1.044,0.532,399.16,71.68,1368.4336576461792,0.1020443025920633,1.4722754955291748,0.06432628631591797
cpu_idle_time_diff_ema_1,0.189,11.057,5.047,206.44,50.06,1368.4336576461792,0.1020443025920633,1.4722754955291748,0.06432628631591797
memory_ema_1,-0.4,13.921,6.784,59.95,19.21,1368.4336576461792,0.1020443025920633,1.4722754955291748,0.06432628631591797
