Resource,Score,RMSE,MAE,MAPE,SMAPE,Training time,Mean Inference time,Max Inference time,Min Inference time
cpu_user_time_diff_ema_1,0.987,0.631,0.451,31.14,46.12,103.01613879203796,0.08604128731490168,1.226025104522705,0.05596351623535156
cpu_system_time_diff_ema_1,0.94,0.093,0.061,18.41,18.7,103.01613879203796,0.08604128731490168,1.226025104522705,0.05596351623535156
cpu_idle_time_diff_ema_1,0.979,0.76,0.59,7.39,6.65,103.01613879203796,0.08604128731490168,1.226025104522705,0.05596351623535156
memory_ema_1,0.981,0.948,0.76,2.56,2.58,103.01613879203796,0.08604128731490168,1.226025104522705,0.05596351623535156
