Resource,Score,RMSE,MAE,MAPE,SMAPE,Training time,Mean Inference time,Max Inference time,Min Inference time
cpu_user_time_diff,0.963,1.234,0.346,22.06,14.85,0.0009222030639648438,0.160990885066328,8.888871669769287,0.11524319648742676
cpu_system_time_diff,0.836,0.183,0.088,192.47,21.61,0.0009222030639648438,0.14483769602169588,9.646249532699585,0.08079814910888672
cpu_idle_time_diff,0.956,1.337,0.386,12.04,8.32,0.0009222030639648438,0.1729576979443011,10.452858686447144,0.1160287857055664
memory,0.952,1.739,0.47,1.35,1.34,0.0009222030639648438,0.12094501077340485,11.624571800231934,0.07975459098815918
