bin_edges,hist_data,kde_values
233362.0,4895,9.025125022609135e-11
169632081.82,4422,1.3479291912976729e-10
339030801.64,4213,1.620862862039407e-10
508429521.46,1450,1.7305091784238804e-10
677828241.28,4300,1.7998272121719439e-10
847226961.0999999,7202,1.8574329717348144e-10
1016625680.92,4448,1.7815779308373314e-10
1186024400.74,3615,1.4533199671796927e-10
1355423120.56,0,9.3663096487296e-11
1524821840.3799999,0,4.5163981597706487e-11
1694220560.1999998,0,1.572376588971264e-11
1863619280.02,0,4.3167504986751305e-12
2033017999.84,0,3.6001246561761696e-12
2202416719.66,0,1.1935549096017137e-11
2371815439.48,0,3.3685230273723566e-11
2541214159.2999997,2445,6.999160284101122e-11
2710612879.12,4232,1.1128534184324021e-10
2880011598.94,4156,1.4391078188828134e-10
3049410318.7599998,4289,1.6276602498265965e-10
3218809038.58,4290,1.7156099913231143e-10
3388207758.3999996,4283,1.7422275223428377e-10
3557606478.22,4295,1.7034840994547333e-10
3727005198.04,4274,1.5524564702846244e-10
3896403917.8599997,2279,1.242301550484254e-10
4065802637.68,0,8.140948748229323e-11
4235201357.5,0,4.1095366514875605e-11
4404600077.32,0,1.526715485718943e-11
4573998797.139999,0,4.042618584553836e-12
4743397516.96,0,7.460602620933466e-13
4912796236.78,0,9.584044784410862e-14
5082194956.599999,0,3.167891332818688e-14
5251593676.42,0,2.58614147406241e-13
5420992396.24,0,1.9008864715731805e-12
5590391116.059999,0,9.511843046810305e-12
5759789835.88,0,3.286349142009809e-11
5929188555.7,1451,8.039495139506706e-11
6098587275.5199995,5787,1.448043572194592e-10
6267985995.34,7181,2.0322176963492968e-10
6437384715.16,5652,2.385497029020378e-10
6606783434.98,4589,2.5098928554536576e-10
6776182154.799999,7148,2.479475766095636e-10
6945580874.62,6531,2.342874594195553e-10
7114979594.44,4241,2.1429818430970258e-10
7284378314.259999,4272,1.9530011461862598e-10
7453777034.08,4327,1.8250963568838053e-10
7623175753.9,4005,1.7383144441947093e-10
7792574473.719999,1681,1.6478015796826462e-10
7961973193.54,3375,1.5497642639909204e-10
8131371913.36,4328,1.440546562898758e-10
8300770633.179999,4562,1.235211605120813e-10
