Resource,Score,RMSE,MAE,MAPE,SMAPE,Training time,Mean Inference time,Max Inference time,Min Inference time
cpu_user_time_diff_ema_1,-0.001,2.5708357218186364e+22,7.307247010482866e+20,113.21,30.31,0.0003120899200439453,0.07699554801548202,4.490079879760742,0.06651020050048828
cpu_system_time_diff_ema_1,-0.001,360981.328,10288.698,59.9,28.02,0.0003120899200439453,0.07433442003637893,4.370875120162964,0.07111859321594238
cpu_idle_time_diff_ema_1,0.846,2.522,1.005,24.51,12.13,0.0003120899200439453,0.07628905897489442,4.53596305847168,0.06872868537902832
memory_ema_1,-0.001,143.335,7.401,4.53,4.56,0.0003120899200439453,0.07546235088609222,4.429335355758667,0.06797003746032715
