Resource,Score,RMSE,MAE,MAPE,SMAPE,Training time,Mean Inference time,Max Inference time,Min Inference time
cpu_user_time_diff_ema_1,-0.001,489083794683194.75,17019704690098.484,124.79,29.48,0.0014662742614746094,0.1462231747105737,8.504215955734253,0.0815584659576416
cpu_system_time_diff_ema_1,-0.001,1013.121,35.474,52.29,26.99,0.0014662742614746094,0.13609869772193242,9.217490911483765,0.08010554313659668
cpu_idle_time_diff_ema_1,0.88,2.216,0.871,17.47,10.85,0.0014662742614746094,0.14588340772593367,9.157169342041016,0.08142471313476562
memory_ema_1,0.136,23.453,2.395,4.01,3.99,0.0014662742614746094,0.14675073595858312,9.291168928146362,0.08296632766723633
