bin_edges,hist_data,kde_values
1296728050.0,4855,2.4311076565947605e-10
1428298583.2424242,4270,3.6071806154845917e-10
1559869116.4848485,3481,3.82816157476342e-10
1691439649.7272727,2285,3.741323094440732e-10
1823010182.969697,3531,4.106407089663799e-10
1954580716.2121212,6101,4.3935296578668047e-10
2086151249.4545455,1151,3.877957668932763e-10
2217721782.69697,1409,3.5195626398359893e-10
2349292315.939394,7473,3.48260851766099e-10
2480862849.181818,0,2.495984331687989e-10
2612433382.4242425,0,1.0184760111759576e-10
2744003915.666667,0,2.2125808085066604e-11
2875574448.909091,0,2.511349121639456e-12
3007144982.151515,0,1.4789118952494086e-13
3138715515.3939395,0,4.50289240680251e-15
3270286048.636364,0,8.775324664437643e-17
3401856581.878788,0,1.2704039912978359e-15
3533427115.121212,0,4.8826278632231014e-14
3664997648.3636365,0,9.743226386417414e-13
3796568181.606061,0,1.0219951653469762e-11
3928138714.848485,0,5.775070017057768e-11
4059709248.090909,4103,1.8334435181736882e-10
4191279781.3333335,4299,3.480374787818441e-10
4322850314.575758,3521,4.309112415108856e-10
4454420847.818182,2508,4.024596605557415e-10
4585991381.060606,4771,3.4934583464723393e-10
4717561914.30303,1023,3.0477946114545565e-10
4849132447.545455,2813,2.7269691285662217e-10
4980702980.787879,707,2.896361032420733e-10
5112273514.030303,4932,3.2305277714095383e-10
5243844047.272728,2749,3.0570723726061995e-10
5375414580.515152,1612,2.356314344839567e-10
5506985113.757576,1517,1.5399285452951154e-10
