Resource,Score,RMSE,MAE,MAPE,SMAPE,Training time,Mean Inference time,Max Inference time,Min Inference time
cpu_user_time_diff_ema_1,0.999,0.153,0.097,2.12,2.12,0,0.08471852548709938,0.4536864757537842,0.03810381889343262
cpu_system_time_diff_ema_1,0.999,0.15,0.093,1.9,1.89,0,0.08471852548709938,0.4536864757537842,0.03810381889343262
cpu_idle_time_diff_ema_1,0.999,0.146,0.092,1.82,1.81,0,0.08471852548709938,0.4536864757537842,0.03810381889343262
memory_ema_1,0.999,0.134,0.09,1.72,1.72,0,0.08471852548709938,0.4536864757537842,0.03810381889343262
