Resource,Score,RMSE,MAE,MAPE,SMAPE,Training time,Mean Inference time,Max Inference time,Min Inference time
cpu_user_time_diff_ema_1,0.997,0.375,0.281,11.63,12.13,0,0.09071582548655317,0.3314645290374756,0.054123878479003906
cpu_system_time_diff_ema_1,0.997,0.396,0.303,12.3,12.46,0,0.09071582548655317,0.3314645290374756,0.054123878479003906
cpu_idle_time_diff_ema_1,0.996,0.417,0.323,12.23,13.3,0,0.09071582548655317,0.3314645290374756,0.054123878479003906
memory_ema_1,0.997,0.408,0.305,11.1,12.11,0,0.09071582548655317,0.3314645290374756,0.054123878479003906
