Resource,Score,RMSE,MAE,MAPE,SMAPE,Training time,Mean Inference time,Max Inference time,Min Inference time
cpu_user_time_diff_ema_1,0.881,2.341,1.393,92.73,46.45,0,0.08154530075871977,0.32709217071533203,0.03355288505554199
cpu_system_time_diff_ema_1,0.806,3.065,1.702,41.76,41.17,0,0.08154530075871977,0.32709217071533203,0.03355288505554199
cpu_idle_time_diff_ema_1,0.839,2.61,1.787,171.92,62.2,0,0.08154530075871977,0.32709217071533203,0.03355288505554199
memory_ema_1,0.888,2.445,1.255,399.42,56.1,0,0.08154530075871977,0.32709217071533203,0.03355288505554199
