Resource,Score,RMSE,MAE,MAPE,SMAPE,Training time,Mean Inference time,Max Inference time,Min Inference time
cpu_user_time_diff_ema_1,0.997,0.391,0.32,12.02,12.56,0,0.08798729301079547,0.24030852317810059,0.0498967170715332
cpu_system_time_diff_ema_1,0.998,0.301,0.192,8.04,8.25,0,0.08798729301079547,0.24030852317810059,0.0498967170715332
cpu_idle_time_diff_ema_1,0.998,0.31,0.242,9.72,10.36,0,0.08798729301079547,0.24030852317810059,0.0498967170715332
memory_ema_1,0.997,0.41,0.309,13.89,12.06,0,0.08798729301079547,0.24030852317810059,0.0498967170715332
