Resource,Score,RMSE,MAE,MAPE,SMAPE,Training time,Mean Inference time,Max Inference time,Min Inference time
cpu_user_time_diff_sma_2,0.932,1.295,0.483,21.82,15.16,0.001344442367553711,0.17975002875230695,9.426807880401611,0.13174033164978027
cpu_system_time_diff_sma_2,0.383,0.395,0.137,43.39,25.64,0.001344442367553711,0.17731175502895588,9.803126811981201,0.1076350212097168
cpu_idle_time_diff_sma_2,0.102,5.369,1.337,16.16,12.13,0.001344442367553711,0.18108107757732927,9.605640649795532,0.12247920036315918
memory_sma_2,-0.007,41651.153,3492.683,16.63,12.56,0.001344442367553711,0.1770208134094394,9.397585391998291,0.10996437072753906
