Resource,Score,RMSE,MAE,MAPE,SMAPE,Training time,Mean Inference time,Max Inference time,Min Inference time
cpu_user_time_diff_sma_2,0.879,2.297,0.993,192.86,30.95,0.0007355213165283203,0.19653749707209492,9.500944375991821,0.08087921142578125
cpu_system_time_diff_sma_2,-0.001,1.029799802002715e+17,3637924986403929.5,86.01,43.0,0.0007355213165283203,0.19573869621803455,9.743222951889038,0.08085036277770996
cpu_idle_time_diff_sma_2,-0.0,5.587512990748106e+17,1.2248744742814774e+16,33.22,16.26,0.0007355213165283203,0.20311101517677993,9.058557987213135,0.08250236511230469
memory_sma_2,-0.003,1.4263284178327024e+26,7.155503005725448e+24,37.57,51.01,0.0007355213165283203,0.19696477310287192,10.120451211929321,0.08057522773742676
