Resource,Score,RMSE,MAE,MAPE,SMAPE,Training time,Mean Inference time,Max Inference time,Min Inference time
cpu_user_time_diff,0.977,1.068,0.516,62.3,51.0,706.9292833805084,0.20884862021167316,2.7954983711242676,0.12033605575561523
cpu_system_time_diff,0.822,0.179,0.126,66.01,64.25,706.9292833805084,0.20884862021167316,2.7954983711242676,0.12033605575561523
cpu_idle_time_diff,0.971,1.173,0.587,11.92,12.64,706.9292833805084,0.20884862021167316,2.7954983711242676,0.12033605575561523
memory,0.96,1.417,0.779,2.46,2.49,706.9292833805084,0.20884862021167316,2.7954983711242676,0.12033605575561523
