Resource,Score,RMSE,MAE,MAPE,SMAPE,Training time,Mean Inference time,Max Inference time,Min Inference time
cpu_user_time_diff,0.978,1.06,0.365,97.01,81.46,144.59153532981873,0.08204290810273446,1.1655261516571045,0.056792259216308594
cpu_system_time_diff,0.849,0.183,0.108,33.6,36.28,144.59153532981873,0.08204290810273446,1.1655261516571045,0.056792259216308594
cpu_idle_time_diff,0.977,1.077,0.336,11.7,9.96,144.59153532981873,0.08204290810273446,1.1655261516571045,0.056792259216308594
memory,0.983,1.497,0.968,3.05,3.03,144.59153532981873,0.08204290810273446,1.1655261516571045,0.056792259216308594
