Resource,Score,RMSE,MAE,MAPE,SMAPE,Training time,Mean Inference time,Max Inference time,Min Inference time
cpu_user_time_diff,0.979,0.942,0.384,29.49,39.63,103.71163725852966,0.08056762571748909,1.1719679832458496,0.05365324020385742
cpu_system_time_diff,0.948,0.141,0.096,28.99,34.18,103.71163725852966,0.08056762571748909,1.1719679832458496,0.05365324020385742
cpu_idle_time_diff,0.971,0.963,0.56,21.61,15.77,103.71163725852966,0.08056762571748909,1.1719679832458496,0.05365324020385742
memory,0.971,1.634,1.35,4.3,4.42,103.71163725852966,0.08056762571748909,1.1719679832458496,0.05365324020385742
