Resource,Score,RMSE,MAE,MAPE,SMAPE,Training time,Mean Inference time,Max Inference time,Min Inference time
cpu_user_time_diff,0.984,0.805,0.382,7.49,7.9,138.97982573509216,0.09144018269584367,2.8368325233459473,0.05615854263305664
cpu_system_time_diff,0.924,0.131,0.077,17.48,15.17,138.97982573509216,0.09144018269584367,2.8368325233459473,0.05615854263305664
cpu_idle_time_diff,0.967,0.927,0.679,22.78,20.16,138.97982573509216,0.09144018269584367,2.8368325233459473,0.05615854263305664
memory,0.969,1.263,0.961,3.09,3.05,138.97982573509216,0.09144018269584367,2.8368325233459473,0.05615854263305664
