Resource,Score,RMSE,MAE,MAPE,SMAPE,Training time,Mean Inference time,Max Inference time,Min Inference time
cpu_user_time_diff,0.981,0.904,0.421,41.62,55.59,98.75162100791931,0.08820335524047002,1.1861376762390137,0.05730247497558594
cpu_system_time_diff,0.818,0.202,0.135,357.87,101.37,98.75162100791931,0.08820335524047002,1.1861376762390137,0.05730247497558594
cpu_idle_time_diff,0.981,0.958,0.409,11.81,14.84,98.75162100791931,0.08820335524047002,1.1861376762390137,0.05730247497558594
memory,0.986,1.322,1.01,3.75,3.66,98.75162100791931,0.08820335524047002,1.1861376762390137,0.05730247497558594
