Resource,Score,RMSE,MAE,MAPE,SMAPE,Training time,Mean Inference time,Max Inference time,Min Inference time
cpu_user_time_diff,0.974,1.049,0.409,8.0,7.84,323.2186985015869,0.16675197392023375,1.6472299098968506,0.05897665023803711
cpu_system_time_diff,0.86,0.159,0.091,20.05,18.06,323.2186985015869,0.16675197392023375,1.6472299098968506,0.05897665023803711
cpu_idle_time_diff,0.94,1.194,0.815,22.64,22.11,323.2186985015869,0.16675197392023375,1.6472299098968506,0.05897665023803711
memory,0.961,1.452,0.847,2.68,2.64,323.2186985015869,0.16675197392023375,1.6472299098968506,0.05897665023803711
