Resource,Score,RMSE,MAE,MAPE,SMAPE,Training time,Mean Inference time,Max Inference time,Min Inference time
cpu_user_time_diff_ema_1,0.998,0.35,0.224,3.65,3.58,0.0007212162017822266,0.21309033589881338,0.3402876853942871,0.06350421905517578
cpu_system_time_diff_ema_1,0.988,0.839,0.53,12.34,12.96,0.0007212162017822266,0.21309033589881338,0.3402876853942871,0.06350421905517578
cpu_idle_time_diff_ema_1,0.986,0.911,0.577,10.85,10.1,0.0007212162017822266,0.21309033589881338,0.3402876853942871,0.06350421905517578
memory_ema_1,0.979,1.081,0.744,17.88,20.0,0.0007212162017822266,0.21309033589881338,0.3402876853942871,0.06350421905517578
