Resource,Score,RMSE,MAE,MAPE,SMAPE,Training time,Mean Inference time,Max Inference time,Min Inference time
cpu_user_time_diff_ema_1,0.994,0.616,0.363,9.76,9.38,0.0007212162017822266,0.19197245446019118,0.5626735687255859,0.057488203048706055
cpu_system_time_diff_ema_1,0.99,0.764,0.473,9.95,10.39,0.0007212162017822266,0.19197245446019118,0.5626735687255859,0.057488203048706055
cpu_idle_time_diff_ema_1,0.994,0.622,0.37,7.92,7.84,0.0007212162017822266,0.19197245446019118,0.5626735687255859,0.057488203048706055
memory_ema_1,0.995,0.526,0.36,11.98,11.33,0.0007212162017822266,0.19197245446019118,0.5626735687255859,0.057488203048706055
