bin_edges,hist_data,kde_values
1989205718.0,3129,1.6129333386364382e-10
2126845262.8823528,3713,2.5606548455321863e-10
2264484807.7647057,3168,3.007089397285848e-10
2402124352.647059,1068,2.7924852705733657e-10
2539763897.529412,2405,2.6519561601900745e-10
2677403442.4117646,5189,3.146854139183239e-10
2815042987.294118,2028,3.8424282414437366e-10
2952682532.1764708,4947,4.197113956888203e-10
3090322077.0588236,4463,3.9656660770419097e-10
3227961621.9411764,1585,3.116624257655475e-10
3365601166.8235292,2068,2.1320919145910466e-10
3503240711.7058825,792,1.334175812647167e-10
3640880256.5882354,0,6.894944599917973e-11
3778519801.470588,0,2.5134916302818346e-11
3916159346.3529415,0,5.775577583036243e-12
4053798891.2352943,0,7.797605262194718e-13
4191438436.117647,0,5.918444719233531e-14
4329077981.0,0,2.5382441250341305e-15
4466717525.882353,0,4.347423088299829e-15
4604357070.764706,0,1.212069509491539e-13
4741996615.6470585,0,1.833043535110359e-12
4879636160.529411,0,1.5056864672684684e-11
5017275705.411765,0,6.918293968783499e-11
5154915250.294118,2972,1.890036373835801e-10
5292554795.176471,4011,3.409809523540114e-10
5430194340.058824,5576,4.536464039319721e-10
5567833884.941176,5242,4.638925084310182e-10
5705473429.82353,1759,3.7812546179995856e-10
5843112974.705883,3358,2.959765246080668e-10
5980752519.588236,1289,2.681465141628561e-10
6118392064.470589,3756,2.6527570628016714e-10
6256031609.3529415,2374,2.5303736577015854e-10
6393671154.235294,1145,2.1633511089059996e-10
6531310699.117647,3075,1.7621365248190048e-10
