cpu_user_time_diff_ema_1_preds_ema_1,cpu_user_time_diff_ema_1_obs_ema_1,cpu_system_time_diff_ema_1_preds_ema_1,cpu_system_time_diff_ema_1_obs_ema_1,cpu_idle_time_diff_ema_1_preds_ema_1,cpu_idle_time_diff_ema_1_obs_ema_1,memory_ema_1_preds_ema_1,memory_ema_1_obs_ema_1
"[0.02075832318933051, 0.05166607829410058, 19.89178208252422, 23.157091786372153, 0.031218624084583042, 0.040074071312020426, 20.000413334044588, 22.84618041368529]","[0.04852085338629328, 0.053607107762042444, 19.91468899775316, 25.00000038743019, 0.04926042665822204, 0.051803553882476414, 19.912344498951086, 25.000000193715096]","[0.04728573718663284, 0.05169441424128492, 19.958351504721843, 21.97219400837097, 4.71803951785602, 0.5809296690834738, 14.776814889383646, 28.433080654923067]","[0.04926042665822204, 0.051803553882476414, 19.912344498951086, 25.000000193715096, 0.049630213352394086, 0.04090177694065613, 19.91617224943829, 25.000000096857548]","[0.04236595756891579, 0.04678754043829784, 19.93407506170378, 25.2394888338574, 3.8349059673390222, 0.7069703826751526, 15.597718739612594, 33.88920500081291]","[0.049630213352394086, 0.04090177694065613, 19.91617224943829, 25.000000096857548, 0.05481510664592906, 0.040450888470764626, 19.91308612479365, 25.000000048428774]","[0.06700079407757843, 0.0658599153823925, 19.978563248886886, 23.72457555270872, 0.025935916501797225, 0.061819274895260276, 19.94296688515098, 25.48382459639571]","[0.05481510664592906, 0.040450888470764626, 19.91308612479365, 25.000000048428774, 0.04740755334159098, 0.045225444236837505, 19.9115430622385, 25.000000024214387]"
