cpu_user_time_diff_ema_1_preds_ema_1,cpu_user_time_diff_ema_1_obs_ema_1,cpu_system_time_diff_ema_1_preds_ema_1,cpu_system_time_diff_ema_1_obs_ema_1,cpu_idle_time_diff_ema_1_preds_ema_1,cpu_idle_time_diff_ema_1_obs_ema_1,memory_ema_1_preds_ema_1,memory_ema_1_obs_ema_1
"[8.241070312317294, 1.4665308515950093, 9.847944205025117, 51.35049795935309]","[18.73719290756822, 0.07766105023988441, 1.0424931018930583, 33.70044832294798]","[15.819037009849295, 0.0895793910016808, 1.51757062701264, 26.726135661807493]","[18.74359645378411, 0.06883052511968754, 1.0462465509407084, 33.75022416147399]","[17.20839002398771, 0.08423965712232984, 2.456444679716869, 30.153069023207678]","[18.806798226889725, 0.06441526255958911, 0.9881232754668617, 33.77511208073699]","[2.261245020364536, 0.9390557216162689, 16.281973947655214, 27.63444995140349]","[18.853399113456504, 0.05720763128034025, 0.949061637749729, 33.78755604036849]"
