cpu_user_time_diff_ema_1_preds_ema_1,cpu_user_time_diff_ema_1_obs_ema_1,cpu_system_time_diff_ema_1_preds_ema_1,cpu_system_time_diff_ema_1_obs_ema_1,cpu_idle_time_diff_ema_1_preds_ema_1,cpu_idle_time_diff_ema_1_obs_ema_1,memory_ema_1_preds_ema_1,memory_ema_1_obs_ema_1
"[5.186526137299348, 0.9991797200873956, 13.870343547508552, 28.451559129994934]","[5.2170426203572715, 0.9059262109591313, 13.864703164075792, 30.64616623843948]","[5.152234750538273, 1.0073045228977227, 13.779996489426754, 27.08778737768048]","[5.22852131017398, 0.9229631054807298, 13.842351581954077, 30.623083119219743]","[5.160738944451527, 1.0118973857525089, 13.797654881983826, 26.4999798876403]","[5.2042606550543935, 0.9514815527383276, 13.821175790883906, 30.611541559609872]","[5.179348719440863, 0.9712461461372955, 13.76023860680812, 28.93581980978183]","[5.222130327522541, 0.9557407763723652, 13.800587895572338, 30.655770779804936]"
