cpu_user_time_diff_ema_1_preds_ema_1,cpu_user_time_diff_ema_1_obs_ema_1,cpu_system_time_diff_ema_1_preds_ema_1,cpu_system_time_diff_ema_1_obs_ema_1,cpu_idle_time_diff_ema_1_preds_ema_1,cpu_idle_time_diff_ema_1_obs_ema_1,memory_ema_1_preds_ema_1,memory_ema_1_obs_ema_1
"[0.8615492974986863, 0.45195731419806895, 18.738823512133784, 24.749235888206872, 0.8924308322691341, 0.3672823813186068, 18.207473616953965, 26.580091894651577]","[18.73719290756822, 0.07766105023988441, 1.0424931018930583, 33.70044832294798, 18.74359645378411, 0.06883052511968754, 1.0462465509407084, 33.75022416147399]","[16.382143830333014, 0.08611333136053868, 1.2204892546814299, 26.510336439952436, 21.586985384430008, 0.0418622957311897, -0.34137578401529134, 29.04832064256143]","[18.74359645378411, 0.06883052511968754, 1.0462465509407084, 33.75022416147399, 18.806798226889725, 0.06441526255958911, 0.9881232754668617, 33.77511208073699]","[17.108003960636104, 0.06820528563127466, 2.4571765655459377, 29.513145845575583, 17.17693112376879, 0.059682978366524295, 2.3223513456774247, 29.397229763591543]","[18.806798226889725, 0.06441526255958911, 0.9881232754668617, 33.77511208073699, 18.853399113456504, 0.05720763128034025, 0.949061637749729, 33.78755604036849]","[9.16171050420261, 1.5451718296689092, 8.896920598460044, 54.9823091373251, 9.02790129856707, 1.3529443242861894, 9.370321329156377, 50.81746654447336]","[18.853399113456504, 0.05720763128034025, 0.949061637749729, 33.78755604036849, 18.971699556726506, 0.05360381563980633, 0.8395308188655513, 33.69377802018425]"
