cpu_user_time_diff_ema_1_preds_ema_1,cpu_user_time_diff_ema_1_obs_ema_1,cpu_system_time_diff_ema_1_preds_ema_1,cpu_system_time_diff_ema_1_obs_ema_1,cpu_idle_time_diff_ema_1_preds_ema_1,cpu_idle_time_diff_ema_1_obs_ema_1,memory_ema_1_preds_ema_1,memory_ema_1_obs_ema_1
"[7.670550784252421, 1.332700477399626, 10.694180077287921, 52.11541599074321, 7.861692817408531, 1.3505797964074535, 10.409166306173926, 51.33359753508919]","[10.313233387402372, 1.9072907469936011, 7.267668817198822, 54.68998468216479, 10.25161669370235, 1.7736453734965094, 7.418834408573799, 53.1449923410824]","[8.73300899926547, 1.3744586733121316, 9.124028230476934, 53.7496579466307, 6.754214846775799, 1.2718778769780763, 11.58904254599003, 51.64893764472307]","[10.25161669370235, 1.7736453734965094, 7.418834408573799, 53.1449923410824, 9.78080834685001, 1.5618226867475271, 8.029417204293885, 52.3224961705412]","[9.609005079635153, 1.4981286824375017, 8.155230356392737, 53.605578984135796, 8.208317460892196, 1.357676890115134, 10.039281637686516, 54.31233825365993]","[9.78080834685001, 1.5618226867475271, 8.029417204293885, 52.3224961705412, 9.645404173429661, 1.5959113433742729, 8.129708602195837, 51.8112480852706]","[7.804397646792733, 1.4366428763536971, 10.299921072130129, 59.06148990955255, 7.353818296368651, 1.299549456416832, 10.67075867338837, 54.192260913784196]","[9.645404173429661, 1.5959113433742729, 8.129708602195837, 51.8112480852706, 9.507702086712502, 1.6779556716863362, 8.32985430105368, 51.4556240426353]"
