cpu_user_time_diff_ema_1_preds_ema_1,cpu_user_time_diff_ema_1_obs_ema_1,cpu_system_time_diff_ema_1_preds_ema_1,cpu_system_time_diff_ema_1_obs_ema_1,cpu_idle_time_diff_ema_1_preds_ema_1,cpu_idle_time_diff_ema_1_obs_ema_1,memory_ema_1_preds_ema_1,memory_ema_1_obs_ema_1
"[7.1156565670922305, 1.255527146507269, 11.071132208170205, 53.52353342333057]","[10.313233387402372, 1.9072907469936011, 7.267668817198822, 54.68998468216479]","[8.481694885202673, 1.3959101774542455, 9.559895371759902, 55.66215338064853]","[10.25161669370235, 1.7736453734965094, 7.418834408573799, 53.1449923410824]","[8.63918953258943, 1.5576017413006311, 9.418738323079204, 53.476666349989266]","[9.78080834685001, 1.5618226867475271, 8.029417204293885, 52.3224961705412]","[6.222431641605181, 1.319057309278904, 12.399656251806835, 51.363604531458414]","[9.645404173429661, 1.5959113433742729, 8.129708602195837, 51.8112480852706]"
