cpu_user_time_diff_ema_1_preds_ema_1,cpu_user_time_diff_ema_1_obs_ema_1,cpu_system_time_diff_ema_1_preds_ema_1,cpu_system_time_diff_ema_1_obs_ema_1,cpu_idle_time_diff_ema_1_preds_ema_1,cpu_idle_time_diff_ema_1_obs_ema_1,memory_ema_1_preds_ema_1,memory_ema_1_obs_ema_1
"[0.01427865193811869, 0.06748995275009655, 19.91413414375624, 23.67447393151288]","[0.04852085338629328, 0.053607107762042444, 19.91468899775316, 25.00000038743019]","[0.035373795741885275, 0.051366746946905885, 19.924011567343257, 23.967572964671966]","[0.04926042665822204, 0.051803553882476414, 19.912344498951086, 25.000000193715096]","[0.02632433698629641, 0.050414272544680075, 19.99444129452804, 23.622295337957485]","[0.049630213352394086, 0.04090177694065613, 19.91617224943829, 25.000000096857548]","[0.033418591988893485, 0.028079501912417412, 19.932415360797926, 24.255712320116846]","[0.05481510664592906, 0.040450888470764626, 19.91308612479365, 25.000000048428774]"
