cpu_user_time_diff_ema_1_preds_ema_1,cpu_user_time_diff_ema_1_obs_ema_1,cpu_system_time_diff_ema_1_preds_ema_1,cpu_system_time_diff_ema_1_obs_ema_1,cpu_idle_time_diff_ema_1_preds_ema_1,cpu_idle_time_diff_ema_1_obs_ema_1,memory_ema_1_preds_ema_1,memory_ema_1_obs_ema_1
"[5.202693562167587, 1.0037547473283304, 13.83965320606469, 29.561012731972927, 5.228308953445359, 0.9474588391853227, 13.776574934748838, 28.09552912232045]","[5.2170426203572715, 0.9059262109591313, 13.864703164075792, 30.64616623843948, 5.22852131017398, 0.9229631054807298, 13.842351581954077, 30.623083119219743]","[5.230592324865303, 1.0041024852022338, 13.887042269536243, 29.446176897829332, 5.176109840509509, 0.9684063489971757, 13.765119793934776, 31.159011875659342]","[5.22852131017398, 0.9229631054807298, 13.842351581954077, 30.623083119219743, 5.2042606550543935, 0.9514815527383276, 13.821175790883906, 30.611541559609872]","[5.154795186680888, 1.0250078623338672, 13.880256149558658, 29.57195314684799, 5.198981893870787, 0.9770913653692509, 13.753419684571156, 29.567698794424814]","[5.2042606550543935, 0.9514815527383276, 13.821175790883906, 30.611541559609872, 5.222130327522541, 0.9557407763723652, 13.800587895572338, 30.655770779804936]","[5.165719437646713, 0.9884146456689727, 13.787958624678785, 30.562836147273433, 5.226232303315613, 0.9322555751137636, 13.841777310585597, 30.94350735067191]","[5.222130327522541, 0.9557407763723652, 13.800587895572338, 30.655770779804936, 5.211065163796195, 0.957870388189384, 13.820293947711663, 30.677885389902467]"
