cpu_user_time_diff_ema_1_preds_ema_1,cpu_user_time_diff_ema_1_obs_ema_1,cpu_system_time_diff_ema_1_preds_ema_1,cpu_system_time_diff_ema_1_obs_ema_1,cpu_idle_time_diff_ema_1_preds_ema_1,cpu_idle_time_diff_ema_1_obs_ema_1,memory_ema_1_preds_ema_1,memory_ema_1_obs_ema_1
"[[6.747803200392269, 1.3795980456040655, 11.654372613409675, 53.69316981015263]]",[[10.31323339  1.90729075  7.26766882 54.68998468]],"[[7.771448169553984, 1.4039486741362446, 10.506060076614624, 50.99664650297541]]",[[10.25161669  1.77364537  7.41883441 53.14499234]],"[[8.609367041153229, 1.5390261168047217, 9.622328510889535, 56.56996258554193]]",[[ 9.78080835  1.56182269  8.0294172  52.32249617]],"[[8.225880841696453, 1.4169600042903594, 9.71143652650796, 54.16071843057494]]",[[ 9.64540417  1.59591134  8.1297086  51.81124809]]
