cpu_user_time_diff_ema_1_preds_ema_1,cpu_user_time_diff_ema_1_obs_ema_1,cpu_system_time_diff_ema_1_preds_ema_1,cpu_system_time_diff_ema_1_obs_ema_1,cpu_idle_time_diff_ema_1_preds_ema_1,cpu_idle_time_diff_ema_1_obs_ema_1,memory_ema_1_preds_ema_1,memory_ema_1_obs_ema_1
"[[8.208926955592235, 1.4915176554616052, 9.796750447011371, 51.13489270787294], [6.5452205996569655, 1.23332199964818, 11.79109062701298, 49.37824613856007]]","[[10.31323339  1.90729075  7.26766882 54.68998468]
 [10.25161669  1.77364537  7.41883441 53.14499234]]","[[7.35687313769137, 1.3393366200268646, 10.836441773709081, 54.97455221225041], [6.611719333421762, 1.3170019568121494, 11.725598524875123, 45.895733838061]]","[[10.25161669  1.77364537  7.41883441 53.14499234]
 [ 9.78080835  1.56182269  8.0294172  52.32249617]]","[[8.259254191046542, 1.3258706345379365, 9.955320368138779, 50.522327192755974], [7.577468213376738, 1.3210320037842387, 10.67166094068586, 54.70844275372068]]","[[ 9.78080835  1.56182269  8.0294172  52.32249617]
 [ 9.64540417  1.59591134  8.1297086  51.81124809]]","[[7.47480060427885, 1.171599210711123, 10.85282908697288, 54.75616447522775], [9.911761768806967, 1.5748084274183647, 7.8470403904732855, 55.6804595883239]]","[[ 9.64540417  1.59591134  8.1297086  51.81124809]
 [ 9.50770209  1.67795567  8.3298543  51.45562404]]"
