Resource,Score,RMSE,MAE,MAPE,SMAPE,Training time,Mean Inference time,Max Inference time,Min Inference time
cpu_user_time_diff_sma_2,0.991,0.594,0.264,3092.01,44.26,100.25385165214539,0.08748712505490977,1.2395002841949463,0.07339119911193848
cpu_system_time_diff_sma_2,0.922,0.125,0.073,67.39,34.4,100.25385165214539,0.08748712505490977,1.2395002841949463,0.07339119911193848
cpu_idle_time_diff_sma_2,0.99,0.611,0.237,6.68,6.07,100.25385165214539,0.08748712505490977,1.2395002841949463,0.07339119911193848
memory_sma_2,0.992,0.862,0.463,1.21,1.21,100.25385165214539,0.08748712505490977,1.2395002841949463,0.07339119911193848
