Resource,Score,RMSE,MAE,MAPE,SMAPE,Training time,Mean Inference time,Max Inference time,Min Inference time
cpu_user_time_diff_sma_2,0.974,0.978,0.341,20.93,25.09,687.0125710964203,0.21819983279958544,3.1084494590759277,0.12247323989868164
cpu_system_time_diff_sma_2,0.871,0.142,0.077,24.17,27.22,687.0125710964203,0.21819983279958544,3.1084494590759277,0.12247323989868164
cpu_idle_time_diff_sma_2,0.97,1.06,0.338,7.73,7.57,687.0125710964203,0.21819983279958544,3.1084494590759277,0.12247323989868164
memory_sma_2,0.946,1.713,1.08,3.31,3.32,687.0125710964203,0.21819983279958544,3.1084494590759277,0.12247323989868164
