Resource,Score,RMSE,MAE,MAPE,SMAPE,Training time,Mean Inference time,Max Inference time,Min Inference time
cpu_user_time_diff_sma_2,0.921,1.695,0.604,115.62,44.97,3612.0397861003876,0.1306394220338713,2.0874762535095215,0.07935667037963867
cpu_system_time_diff_sma_2,0.775,0.213,0.098,31.46,26.85,3612.0397861003876,0.1306394220338713,2.0874762535095215,0.07935667037963867
cpu_idle_time_diff_sma_2,0.909,1.868,0.735,12.53,10.95,3612.0397861003876,0.1306394220338713,2.0874762535095215,0.07935667037963867
memory_sma_2,0.924,2.67,0.92,2.42,2.35,3612.0397861003876,0.1306394220338713,2.0874762535095215,0.07935667037963867
