Resource,Score,RMSE,MAE,MAPE,SMAPE,Training time,Mean Inference time,Max Inference time,Min Inference time
cpu_user_time_diff_ema_1,0.946,1.388,0.6,181.59,26.34,1958.3371946811676,0.20323748487612675,1.6144046783447266,0.10262846946716309
cpu_system_time_diff_ema_1,0.785,0.203,0.089,31.35,21.49,1958.3371946811676,0.20323748487612675,1.6144046783447266,0.10262846946716309
cpu_idle_time_diff_ema_1,0.943,1.458,0.515,9.28,9.08,1958.3371946811676,0.20323748487612675,1.6144046783447266,0.10262846946716309
memory_ema_1,0.929,0.643,0.298,2.64,2.63,1958.3371946811676,0.20323748487612675,1.6144046783447266,0.10262846946716309
