Resource,Score,RMSE,MAE,MAPE,SMAPE,Training time,Mean Inference time,Max Inference time,Min Inference time
cpu_user_time_diff_ema_1,0.944,1.623,0.783,120.45,34.07,1523.6454484462738,0.08975484504134919,2.760388135910034,0.07679605484008789
cpu_system_time_diff_ema_1,0.835,0.178,0.072,28.07,18.67,1523.6454484462738,0.08975484504134919,2.760388135910034,0.07679605484008789
cpu_idle_time_diff_ema_1,0.941,1.667,0.782,15.59,17.33,1523.6454484462738,0.08975484504134919,2.760388135910034,0.07679605484008789
memory_ema_1,0.895,0.582,0.317,3.15,3.19,1523.6454484462738,0.08975484504134919,2.760388135910034,0.07679605484008789
