Resource,Score,RMSE,MAE,MAPE,SMAPE,Training time,Mean Inference time,Max Inference time,Min Inference time
cpu_user_time_diff_ema_1,0.834,2.755,1.342,521.23,40.31,10377.448356628418,0.30358088277649375,1.9857089519500732,0.19983601570129395
cpu_system_time_diff_ema_1,0.6,0.263,0.125,99.54,41.09,10377.448356628418,0.30358088277649375,1.9857089519500732,0.19983601570129395
cpu_idle_time_diff_ema_1,0.832,2.771,1.225,22.36,23.32,10377.448356628418,0.30358088277649375,1.9857089519500732,0.19983601570129395
memory_ema_1,0.709,0.941,0.378,3.57,3.51,10377.448356628418,0.30358088277649375,1.9857089519500732,0.19983601570129395
