Resource,Score,RMSE,MAE,MAPE,SMAPE,Training time,Mean Inference time,Max Inference time,Min Inference time
cpu_user_time_diff_ema_1,0.986,0.481,0.223,10.13,9.73,161.05969715118408,0.062331397358162156,2.276331901550293,0.04898953437805176
cpu_system_time_diff_ema_1,0.909,0.103,0.068,13.91,11.99,161.05969715118408,0.062331397358162156,2.276331901550293,0.04898953437805176
cpu_idle_time_diff_ema_1,0.983,0.539,0.252,2.99,2.7,161.05969715118408,0.062331397358162156,2.276331901550293,0.04898953437805176
memory_ema_1,0.994,0.174,0.104,1.06,1.07,161.05969715118408,0.062331397358162156,2.276331901550293,0.04898953437805176
