Resource,Score,RMSE,MAE,MAPE,SMAPE,Training time,Mean Inference time,Max Inference time,Min Inference time
cpu_user_time_diff_ema_1,0.994,0.499,0.273,16.65,24.01,112.15498089790344,0.1800831381795424,1.467294692993164,0.09014272689819336
cpu_system_time_diff_ema_1,0.936,0.115,0.073,70.16,36.8,112.15498089790344,0.1800831381795424,1.467294692993164,0.09014272689819336
cpu_idle_time_diff_ema_1,0.989,0.649,0.375,4.74,4.76,112.15498089790344,0.1800831381795424,1.467294692993164,0.09014272689819336
memory_ema_1,0.986,0.285,0.204,1.83,1.81,112.15498089790344,0.1800831381795424,1.467294692993164,0.09014272689819336
