Resource,Score,RMSE,MAE,MAPE,SMAPE,Training time,Mean Inference time,Max Inference time,Min Inference time
cpu_user_time_diff_ema_1,0.991,1.947,1.359,12.64,12.2,0.0011799335479736328,0.15346184019802347,0.5866200923919678,0.06199359893798828
cpu_system_time_diff_ema_1,0.991,1.989,1.403,13.4,12.82,0.0011799335479736328,0.15346184019802347,0.5866200923919678,0.06199359893798828
cpu_idle_time_diff_ema_1,0.992,1.797,1.295,12.83,12.3,0.0011799335479736328,0.15346184019802347,0.5866200923919678,0.06199359893798828
memory_ema_1,0.993,1.734,1.201,11.76,11.33,0.0011799335479736328,0.15346184019802347,0.5866200923919678,0.06199359893798828
