Resource,Score,RMSE,MAE,MAPE,SMAPE,Training time,Mean Inference time,Max Inference time,Min Inference time
cpu_user_time_diff_ema_1,0.926,2.063,0.752,93.56,33.84,0.0004985332489013672,0.13819962682949233,7.759221315383911,0.08172440528869629
cpu_system_time_diff_ema_1,0.808,0.263,0.097,45.28,24.18,0.0004985332489013672,0.14825336080267681,5.7591822147369385,0.08110618591308594
cpu_idle_time_diff_ema_1,-0.001,169.764,9.18,20.5,14.26,0.0004985332489013672,0.14347424387657148,8.808191776275635,0.08076047897338867
memory_ema_1,0.813,5.071,1.491,5.86,4.71,0.0004985332489013672,0.1421333206070733,9.390837669372559,0.08111095428466797
