Resource,Score,RMSE,MAE,MAPE,SMAPE,Training time,Mean Inference time,Max Inference time,Min Inference time
cpu_user_time_diff_ema_1,0.917,2.052,0.699,70.25,34.24,0.0005078315734863281,0.0762023338809736,4.551267385482788,0.07159829139709473
cpu_system_time_diff_ema_1,0.918,0.168,0.061,86.71,19.12,0.0005078315734863281,0.08388768559240543,4.8806517124176025,0.07067155838012695
cpu_idle_time_diff_ema_1,0.938,1.782,0.546,14.77,9.31,0.0005078315734863281,0.0836717282392804,5.1148600578308105,0.07438397407531738
memory_ema_1,0.944,2.708,0.756,2.75,2.51,0.0005078315734863281,0.0808078296923229,4.941231966018677,0.07252216339111328
