Resource,Score,RMSE,MAE,MAPE,SMAPE,Training time,Mean Inference time,Max Inference time,Min Inference time
cpu_user_time_diff_ema_1,0.927,1.777,0.681,89.04,31.17,0.0006260871887207031,0.1294848370874621,12.50036883354187,0.08326268196105957
cpu_system_time_diff_ema_1,0.821,0.25,0.099,321.26,24.21,0.0006260871887207031,0.1184841864330026,11.956501960754395,0.07637977600097656
cpu_idle_time_diff_ema_1,0.937,1.444,0.552,25.09,15.35,0.0006260871887207031,0.13251774759215737,11.419075965881348,0.06901717185974121
memory_ema_1,0.91,3.044,0.816,3.55,2.82,0.0006260871887207031,0.1200929881308912,13.735489845275879,0.06950497627258301
