Resource,Score,RMSE,MAE,MAPE,SMAPE,Training time,Mean Inference time,Max Inference time,Min Inference time
cpu_user_time_diff_ema_1,0.951,1.452,0.524,68.49,28.13,0.0005199909210205078,0.14245414424590647,9.006445407867432,0.08041715621948242
cpu_system_time_diff_ema_1,0.908,0.175,0.082,25.72,21.34,0.0005199909210205078,0.13858196143879062,9.535876512527466,0.08114767074584961
cpu_idle_time_diff_ema_1,0.952,1.264,0.499,36.51,15.55,0.0005199909210205078,0.14746509819052708,8.339887619018555,0.08275890350341797
memory_ema_1,0.925,2.773,0.735,3.31,2.6,0.0005199909210205078,0.1454182664250429,9.137362241744995,0.08132529258728027
