bin_edges,hist_data,kde_values
189365410.0,8406,4.167597224676534e-09
204336271.68,8754,7.018458848969239e-09
219307133.36,10836,7.81918601938907e-09
234277995.04,3457,6.2442177777533094e-09
249248856.72,3106,3.74599931331833e-09
264219718.4,0,1.8183212374340743e-09
279190580.08,0,6.607429850172237e-10
294161441.76,0,1.410155680981597e-10
309132303.44,0,1.5028741639801643e-11
324103165.12,0,7.524397314920003e-13
339074026.8,0,1.7359069783865698e-14
354044888.48,0,1.8342625651281376e-16
369015750.15999997,0,8.859782607851196e-19
383986611.84000003,0,2.8636951110940078e-21
398957473.52,0,4.988275822423074e-19
413928335.2,0,1.2701339572815303e-16
428899196.88,0,1.5025171730854504e-14
443870058.56,0,8.27840281079727e-13
458840920.24,0,2.1342679252468667e-11
473811781.92,0,2.5987252130857725e-10
488782643.6,0,1.5247251301264722e-09
503753505.28,9516,4.51207681061576e-09
518724366.96,9445,7.4376773060757515e-09
533695228.64,9458,8.031717044843717e-09
548666090.3199999,6143,6.414082640656889e-09
