Resource,Score,RMSE,MAE,MAPE,SMAPE,Training time,Mean Inference time,Max Inference time,Min Inference time
cpu_user_time_diff_sma_2,0.984,0.772,0.372,19.19,21.5,159.6884424686432,0.06243078660313926,0.8537023067474365,0.04939889907836914
cpu_system_time_diff_sma_2,0.91,0.142,0.082,29.66,28.46,159.6884424686432,0.06243078660313926,0.8537023067474365,0.04939889907836914
cpu_idle_time_diff_sma_2,0.985,0.787,0.33,5.41,5.54,159.6884424686432,0.06243078660313926,0.8537023067474365,0.04939889907836914
memory_sma_2,0.977,0.394,0.199,1.72,1.71,159.6884424686432,0.06243078660313926,0.8537023067474365,0.04939889907836914
