Resource,Score,RMSE,MAE,MAPE,SMAPE,Training time,Mean Inference time,Max Inference time,Min Inference time
cpu_user_time_diff_sma_2,0.992,0.432,0.267,18.98,26.49,109.20050501823425,0.12784466594889068,9.461288928985596,0.08021736145019531
cpu_system_time_diff_sma_2,0.932,0.104,0.072,17.83,21.41,109.20050501823425,0.12784466594889068,9.461288928985596,0.08021736145019531
cpu_idle_time_diff_sma_2,0.992,0.459,0.219,9.09,9.08,109.20050501823425,0.12784466594889068,9.461288928985596,0.08021736145019531
memory_sma_2,0.988,0.217,0.161,1.65,1.63,109.20050501823425,0.12784466594889068,9.461288928985596,0.08021736145019531
