Resource,Score,RMSE,MAE,MAPE,SMAPE,Training time,Mean Inference time,Max Inference time,Min Inference time
cpu_user_time_diff_sma_2,0.0,4.414,3.05,52.83,68.1,306.06990098953247,0.06645841366083903,0.7588398456573486,0.05347728729248047
cpu_system_time_diff_sma_2,0.0,1.965,1.93,163.42,200.0,306.06990098953247,0.06645841366083903,0.7588398456573486,0.05347728729248047
cpu_idle_time_diff_sma_2,0.0,19.651,19.189,416.97,200.0,306.06990098953247,0.06645841366083903,0.7588398456573486,0.05347728729248047
memory_sma_2,0.0,2.336,1.944,19.33,18.57,306.06990098953247,0.06645841366083903,0.7588398456573486,0.05347728729248047
