Resource,Score,RMSE,MAE,MAPE,SMAPE,Training time,Mean Inference time,Max Inference time,Min Inference time
cpu_user_time_diff_sma_2,-0.003,81417998.141,4600491.004,137.56,45.28,0.0005450248718261719,0.13269208802651103,7.497116565704346,0.08637762069702148
cpu_system_time_diff_sma_2,-0.001,21230.959,659.26,232.33,43.97,0.0005450248718261719,0.13060059712501812,5.175308465957642,0.08089852333068848
cpu_idle_time_diff_sma_2,-0.006,7.761698346535833e+39,6.144072237406144e+38,67.01,36.41,0.0005450248718261719,0.12915659069208443,6.878637313842773,0.08195781707763672
memory_sma_2,-0.002,4.4007119271308056e+86,1.730679691498375e+85,20.04,27.55,0.0005450248718261719,0.13154952125582264,7.347170352935791,0.08083319664001465
