Resource,Score,RMSE,MAE,MAPE,SMAPE,Training time,Mean Inference time,Max Inference time,Min Inference time
cpu_user_time_diff_ema_1,0.993,1.033,0.611,12.15,13.69,0,0.12360998549542393,0.3983266353607178,0.0352632999420166
cpu_system_time_diff_ema_1,0.994,0.899,0.501,9.49,10.53,0,0.12360998549542393,0.3983266353607178,0.0352632999420166
cpu_idle_time_diff_ema_1,0.995,0.819,0.509,9.54,10.66,0,0.12360998549542393,0.3983266353607178,0.0352632999420166
memory_ema_1,0.994,0.907,0.595,14.81,15.34,0,0.12360998549542393,0.3983266353607178,0.0352632999420166
