Resource,Score,RMSE,MAE,MAPE,SMAPE,Training time,Mean Inference time,Max Inference time,Min Inference time
cpu_user_time_diff_ema_1,0.618,7.446,5.771,91.36,98.76,0,0.0725334994476361,0.34584569931030273,0.04787087440490723
cpu_system_time_diff_ema_1,-0.026,11.689,9.321,5254.42,104.73,0,0.0725334994476361,0.34584569931030273,0.04787087440490723
cpu_idle_time_diff_ema_1,0.572,12.449,10.657,131.63,117.56,0,0.0725334994476361,0.34584569931030273,0.04787087440490723
memory_ema_1,0.272,10.498,7.821,321.48,115.69,0,0.0725334994476361,0.34584569931030273,0.04787087440490723
