Resource,Score,RMSE,MAE,MAPE,SMAPE,Training time,Mean Inference time,Max Inference time,Min Inference time
cpu_user_time_diff_ema_1,0.993,0.957,0.747,24.4,26.27,0,0.07344551040006747,0.17108440399169922,0.05245327949523926
cpu_system_time_diff_ema_1,0.999,0.43,0.32,20.7,17.45,0,0.07344551040006747,0.17108440399169922,0.05245327949523926
cpu_idle_time_diff_ema_1,0.997,0.584,0.392,11.31,12.65,0,0.07344551040006747,0.17108440399169922,0.05245327949523926
memory_ema_1,0.993,0.936,0.636,57.83,26.97,0,0.07344551040006747,0.17108440399169922,0.05245327949523926
