Resource,Score,RMSE,MAE,MAPE,SMAPE,Training time,Mean Inference time,Max Inference time,Min Inference time
cpu_user_time_diff_ema_1,0.996,0.894,0.528,11.82,11.8,49870.75034761429,0.07920753199277177,0.4788186550140381,0.03661990165710449
cpu_system_time_diff_ema_1,0.995,1.016,0.506,9.77,9.44,49870.75034761429,0.07920753199277177,0.4788186550140381,0.03661990165710449
cpu_idle_time_diff_ema_1,0.993,1.172,0.647,9.99,10.2,49870.75034761429,0.07920753199277177,0.4788186550140381,0.03661990165710449
memory_ema_1,0.991,1.351,0.71,9.92,10.47,49870.75034761429,0.07920753199277177,0.4788186550140381,0.03661990165710449
